id,user,uid,version,changeset,timestamp
6757847,bot-mode,451693,2,14834157,2013-01-29T12:29:31Z
6759044,DaveHansenTiger,7168,1,457924,2007-09-18T05:34:33Z
6760099,DaveHansenTiger,7168,1,457924,2007-09-18T05:38:01Z
6761126,AndrewSnow,371121,2,46205871,2017-02-19T03:06:26Z
6762218,DaveHansenTiger,7168,1,457924,2007-09-18T05:45:09Z
6763074,CynicalDooDad,1505651,2,26369856,2014-10-27T18:10:07Z
6763928,DaveHansenTiger,7168,1,457924,2007-09-18T05:50:57Z
6764742,DaveHansenTiger,7168,1,457924,2007-09-18T05:52:49Z
6765591,maxerickson,360392,2,30394203,2015-04-22T02:42:07Z
6766416,DaveHansenTiger,7168,1,457924,2007-09-18T05:57:26Z
6767025,DaveHansenTiger,7168,1,457924,2007-09-18T05:58:36Z
6767804,bot-mode,451693,2,14834157,2013-01-29T12:29:37Z
6769228,bot-mode,451693,2,14834157,2013-01-29T12:29:54Z
6770359,bot-mode,451693,2,14834157,2013-01-29T12:30:11Z
6771661,brogo,63107,3,26051816,2014-10-13T15:59:01Z
6772850,bot-mode,451693,2,14834157,2013-01-29T12:30:39Z
6773978,brogo,63107,3,26051816,2014-10-13T15:58:50Z
6775264,bot-mode,451693,2,14434112,2012-12-28T04:58:15Z
6776530,Luis36995,1829683,3,28654748,2015-02-06T15:50:15Z
6777916,bot-mode,451693,2,14419765,2012-12-26T23:48:55Z
6779547,bot-mode,451693,2,14386081,2012-12-24T05:04:02Z
6780779,bot-mode,451693,2,14834157,2013-01-29T12:32:04Z
6782109,Spanholz,2209894,4,43888823,2016-11-23T07:45:31Z
6783412,bot-mode,451693,3,14501521,2013-01-02T15:44:39Z
6784410,bot-mode,451693,2,14834157,2013-01-29T12:32:53Z
6785398,bot-mode,451693,2,14834157,2013-01-29T12:33:08Z
6799135,DaveHansenTiger,7168,1,459051,2007-09-18T07:24:05Z
6800330,DaveHansenTiger,7168,1,459051,2007-09-18T07:28:18Z
6801641,DaveHansenTiger,7168,1,459051,2007-09-18T07:32:36Z
6802628,ELadner,22925,2,34205380,2015-09-23T13:04:41Z
6803904,DaveHansenTiger,7168,1,459051,2007-09-18T07:41:11Z
6805021,DaveHansenTiger,7168,1,459051,2007-09-18T07:44:41Z
6805990,DaveHansenTiger,7168,1,459051,2007-09-18T07:47:42Z
6806782,DaveHansenTiger,7168,1,459051,2007-09-18T07:49:16Z
6807594,AndrewSnow,371121,3,46204933,2017-02-19T01:08:30Z
6808692,bot-mode,451693,2,14834157,2013-01-29T12:37:51Z
6809414,Cato_d_Ae,1679807,2,21612629,2014-04-10T18:25:18Z
6810118,AndrewSnow,371121,3,45144571,2017-01-13T19:51:33Z
6810707,DaveHansenTiger,7168,1,459051,2007-09-18T08:00:59Z
6811465,DaveHansenTiger,7168,1,459051,2007-09-18T08:03:45Z
6812196,DaveHansenTiger,7168,1,459051,2007-09-18T08:06:24Z
6812927,calfarome,2511706,3,29414828,2015-03-11T21:16:58Z
6813762,AndrewSnow,371121,3,45153367,2017-01-14T04:48:44Z
6814591,bot-mode,451693,2,14834157,2013-01-29T12:39:02Z
6815603,AndrewSnow,371121,3,46204997,2017-02-19T01:15:28Z
6816485,bot-mode,451693,2,14834157,2013-01-29T12:39:34Z
6817499,bot-mode,451693,2,14415790,2012-12-26T18:03:37Z
6818172,AndrewSnow,371121,3,45152246,2017-01-14T02:30:58Z
6818982,DaveHansenTiger,7168,1,459051,2007-09-18T08:29:31Z
6819788,AndrewSnow,371121,3,46204802,2017-02-19T00:51:59Z
6820619,Spanholz,2209894,3,40822314,2016-07-18T15:42:06Z
6821457,DaveHansenTiger,7168,1,459051,2007-09-18T08:37:53Z
6822284,DaveHansenTiger,7168,1,459051,2007-09-18T08:39:22Z
6823265,AndrewSnow,371121,2,46183966,2017-02-18T04:14:43Z
6824092,DaveHansenTiger,7168,1,459288,2007-09-18T08:43:29Z
6825294,bot-mode,451693,3,14362574,2012-12-22T06:05:40Z
6826055,Luis36995,1829683,2,28331791,2015-01-22T17:18:34Z
6826945,DaveHansenTiger,7168,1,459288,2007-09-18T08:50:54Z
6827858,bot-mode,451693,2,14834157,2013-01-29T12:42:07Z
6828415,bot-mode,451693,2,14834157,2013-01-29T12:42:13Z
6830620,bot-mode,451693,2,14834157,2013-01-29T12:42:48Z
6833049,DaveHansenTiger,7168,1,459288,2007-09-18T09:05:57Z
6835603,dr ingrid,1901542,3,25897814,2014-10-06T13:53:41Z
6838792,calfarome,2511706,3,38479291,2016-04-11T16:13:12Z
6841210,bot-mode,451693,2,14514937,2013-01-03T16:52:57Z
6844513,DaveHansenTiger,7168,1,459288,2007-09-18T09:39:31Z
6847294,DaveHansenTiger,7168,1,460348,2007-09-18T09:46:04Z
6849786,karitotp,2748195,2,32206768,2015-06-25T14:40:57Z
6851982,Mike Juvrud,20392,2,21483067,2014-04-03T19:50:21Z
6856057,bot-mode,451693,2,14437689,2012-12-28T12:12:04Z
6863072,dchiles,153669,3,25923118,2014-10-07T18:10:36Z
16079722,bot-mode,451693,2,14962126,2013-02-09T00:37:06Z
16140988,bot-mode,451693,2,15793182,2013-04-20T06:06:36Z
16145884,bot-mode,451693,2,14464953,2012-12-30T15:10:05Z
16315149,bot-mode,451693,3,14360442,2012-12-21T22:54:43Z
16362734,Nick_T,678281,2,24692645,2014-08-12T03:32:52Z
16365330,gcjunge,775666,2,13408665,2012-10-08T07:39:09Z
19381685,DaveHansenTiger,7168,1,501580,2008-01-01T17:19:53Z
19382061,DaveHansenTiger,7168,1,501580,2008-01-01T17:22:09Z
19382295,DaveHansenTiger,7168,1,501878,2008-01-01T17:23:56Z
19382576,maxerickson,360392,3,35447926,2015-11-19T21:40:13Z
19382886,DaveHansenTiger,7168,1,501878,2008-01-01T17:28:28Z
19383129,DaveHansenTiger,7168,1,501878,2008-01-01T17:30:22Z
19383506,DaveHansenTiger,7168,1,501878,2008-01-01T17:32:46Z
19383916,DaveHansenTiger,7168,1,501878,2008-01-01T17:35:43Z
19384240,DaveHansenTiger,7168,1,501878,2008-01-01T17:38:13Z
19384632,bot-mode,451693,2,14419325,2012-12-26T22:50:37Z
19384939,Jesse Phillips,1044834,3,17581605,2013-08-30T01:53:59Z
19385224,jayL76,1767140,3,18461716,2013-10-21T01:14:57Z
19385584,bot-mode,451693,2,15800528,2013-04-20T17:52:23Z
19385990,AndrewSnow,371121,4,20405638,2014-02-06T04:39:13Z
19386375,MikeN,135163,4,24131507,2014-07-14T01:40:07Z
19386705,dchiles,153669,4,24750564,2014-08-14T17:17:51Z
19387041,AndrewSnow,371121,3,20311160,2014-02-01T04:08:03Z
19387426,bot-mode,451693,2,14390415,2012-12-24T13:39:53Z
19387707,bot-mode,451693,2,15800528,2013-04-20T17:54:00Z
19412701,bot-mode,451693,2,15800528,2013-04-20T18:15:52Z
19413009,DaveHansenTiger,7168,1,503285,2008-01-01T20:59:20Z
19413335,DaveHansenTiger,7168,1,503285,2008-01-01T21:01:04Z
19413670,DaveHansenTiger,7168,1,503285,2008-01-01T21:02:34Z
19414126,bot-mode,451693,2,15801112,2013-04-20T18:20:01Z
19414502,bot-mode,451693,2,15801112,2013-04-20T18:21:25Z
19414934,Omnific,1408522,4,22727274,2014-06-04T05:21:37Z
19415366,bot-mode,451693,2,15801112,2013-04-20T18:23:58Z
19415741,bot-mode,451693,2,14495427,2013-01-02T06:45:52Z
19416170,AndrewSnow,371121,3,45276579,2017-01-18T17:55:52Z
19419188,DaveHansenTiger,7168,1,503518,2008-01-01T21:38:58Z
19419650,hofoen,52797,2,46087811,2017-02-14T19:26:48Z
19420065,O-Mega,68606,2,213147,2008-10-10T05:02:40Z
19420473,DaveHansenTiger,7168,1,503968,2008-01-01T21:46:04Z
19420892,DaveHansenTiger,7168,1,503968,2008-01-01T21:48:16Z
19421532,bot-mode,451693,2,15801112,2013-04-20T18:31:04Z
19422043,ruthmaben,2554698,4,30062747,2015-04-08T12:23:23Z
19422372,Luis36995,1829683,3,44879937,2017-01-03T19:22:43Z
19422839,jonesydesign,1802220,3,29386031,2015-03-10T14:50:36Z
19423336,karitotp,2748195,4,45110701,2017-01-12T17:29:22Z
19423903,bot-mode,451693,2,14464070,2012-12-30T14:02:40Z
19424396,DavidYJackson,1979756,4,22894236,2014-06-12T18:11:04Z
19424919,Spanholz,2209894,4,40733686,2016-07-14T08:32:18Z
19425334,bot-mode,451693,2,15801112,2013-04-20T18:36:30Z
19425846,bot-mode,451693,2,14531809,2013-01-04T22:23:25Z
19431014,DaveHansenTiger,7168,1,504374,2008-01-01T23:08:10Z
19433201,DaveHansenTiger,7168,1,507621,2008-01-01T23:24:39Z
19433777,DaveHansenTiger,7168,1,507621,2008-01-01T23:28:06Z
19434221,DaveHansenTiger,7168,1,507621,2008-01-01T23:30:49Z
19434691,bot-mode,451693,2,15801112,2013-04-20T18:44:50Z
19435098,dchiles,153669,3,26454893,2014-10-31T06:43:35Z
19435574,jayL76,1767140,3,34338757,2015-09-30T03:41:14Z
19436009,bot-mode,451693,2,14497058,2013-01-02T10:06:23Z
19436446,Mauls,24119,2,13508723,2012-10-15T17:21:10Z
19437168,dchiles,153669,4,40329505,2016-06-27T19:58:54Z
19437749,DaveHansenTiger,7168,1,507858,2008-01-02T00:40:29Z
19438234,bot-mode,451693,2,15801112,2013-04-20T18:49:38Z
19438735,bot-mode,451693,2,14497058,2013-01-02T10:06:55Z
19439222,AndrewSnow,371121,3,24213720,2014-07-18T05:28:57Z
19439835,bot-mode,451693,2,14497058,2013-01-02T10:07:09Z
19440314,Mauls,24119,2,13508723,2012-10-15T17:21:03Z
19440661,bot-mode,451693,2,15801112,2013-04-20T18:53:26Z
19440952,RichRico,2219338,2,45305718,2017-01-19T18:40:21Z
19441410,flierfy,445671,2,44412292,2016-12-15T01:33:16Z
19441773,flierfy,445671,2,44412292,2016-12-15T01:33:19Z
19442252,DaveHansenTiger,7168,1,507858,2008-01-02T01:07:11Z
19442605,DaveHansenTiger,7168,1,507858,2008-01-02T01:08:25Z
19442960,DaveHansenTiger,7168,1,508039,2008-01-02T01:09:58Z
19443239,DaveHansenTiger,7168,1,508039,2008-01-02T01:11:04Z
19443563,DaveHansenTiger,7168,1,508039,2008-01-02T01:12:32Z
19443912,DaveHansenTiger,7168,1,508039,2008-01-02T01:14:12Z
19444181,DaveHansenTiger,7168,1,508039,2008-01-02T01:15:30Z
19444475,flierfy,445671,2,44412292,2016-12-15T01:33:31Z
19444742,DaveHansenTiger,7168,1,508039,2008-01-02T01:18:23Z
19445084,bot-mode,451693,2,14361438,2012-12-22T01:47:01Z
19445414,DaveHansenTiger,7168,1,508039,2008-01-02T01:22:09Z
19445707,DaveHansenTiger,7168,1,508039,2008-01-02T01:23:51Z
19446086,sabas88,454589,2,14035820,2012-11-25T20:02:06Z
19446423,ELadner,22925,2,34400043,2015-10-03T00:23:47Z
19446697,bot-mode,451693,2,15801112,2013-04-20T18:56:06Z
19446951,bot-mode,451693,2,15801112,2013-04-20T18:56:27Z
19447211,DaveHansenTiger,7168,1,508039,2008-01-02T01:32:48Z
19447517,wvdp,436419,2,22618412,2014-05-29T13:18:23Z
19447851,bot-mode,451693,2,15801112,2013-04-20T18:57:39Z
19448199,DaveHansenTiger,7168,1,508039,2008-01-02T01:39:36Z
19448544,calfarome,2511706,3,45227512,2017-01-16T21:27:27Z
19448779,bot-mode,451693,2,14385695,2012-12-24T03:41:02Z
19449134,bot-mode,451693,2,15801112,2013-04-20T18:59:41Z
19449419,bot-mode,451693,2,15801754,2013-04-20T19:00:21Z
19449615,Rub21,510836,5,18065353,2013-09-27T17:19:33Z
19449888,DaveHansenTiger,7168,1,508180,2008-01-02T01:49:14Z
19450204,ChrisZontine,1376118,3,21307768,2014-03-25T16:16:33Z
19450513,bot-mode,451693,2,15801754,2013-04-20T19:02:08Z
19450953,bot-mode,451693,2,15801754,2013-04-20T19:02:34Z
19451404,maxerickson,360392,4,27639870,2014-12-22T21:57:09Z
19451813,bot-mode,451693,2,15801754,2013-04-20T19:03:59Z
19452357,Rub21,510836,4,18068767,2013-09-27T21:10:31Z
19452771,sduck,1198413,3,14692259,2013-01-18T04:21:29Z
19453281,bot-mode,451693,2,15801754,2013-04-20T19:06:59Z
19453733,Paul Johnson,92286,9,21033273,2014-03-10T22:05:36Z
19454141,maxerickson,360392,3,27944993,2015-01-05T23:29:07Z
19454649,mvexel,8909,9,45486785,2017-01-25T19:07:42Z
19455052,bot-mode,451693,2,15801754,2013-04-20T19:10:24Z
19455484,bot-mode,451693,2,14420402,2012-12-27T01:36:42Z
19455958,bot-mode,451693,2,15801754,2013-04-20T19:12:04Z
19456339,ridixcr,2508151,5,45275682,2017-01-18T17:18:07Z
19456790,sabas88,454589,2,14035820,2012-11-25T20:02:04Z
19457263,bot-mode,451693,2,15801754,2013-04-20T19:14:01Z
19457780,bot-mode,451693,2,14420402,2012-12-27T01:36:51Z
19458212,bot-mode,451693,2,15801754,2013-04-20T19:15:41Z
19458618,bot-mode,451693,2,15801754,2013-04-20T19:16:15Z
19459022,bot-mode,451693,2,15801754,2013-04-20T19:16:51Z
19459367,Rub21,510836,3,18112152,2013-09-30T14:55:22Z
19459753,maxerickson,360392,3,27944993,2015-01-05T23:29:21Z
19460183,bot-mode,451693,2,15801754,2013-04-20T19:19:49Z
19460605,bot-mode,451693,2,14530833,2013-01-04T20:42:40Z
19460903,bot-mode,451693,2,15801754,2013-04-20T19:21:39Z
19461753,flierfy,445671,3,44412292,2016-12-15T01:33:53Z
19462710,bot-mode,451693,2,14397193,2012-12-25T03:09:55Z
19463218,DaveHansenTiger,7168,1,508476,2008-01-02T03:14:18Z
19463713,dannykath,2226712,5,32290373,2015-06-29T17:44:18Z
19464143,Luis36995,1829683,4,31847195,2015-06-09T15:22:18Z
19464554,bot-mode,451693,2,15801754,2013-04-20T19:25:45Z
19464988,StevenTN,1767688,3,18788528,2013-11-08T19:54:12Z
19465429,RoadGeek_MD99,475877,7,41503035,2016-08-17T02:40:43Z
19465794,flierfy,445671,4,44412292,2016-12-15T01:34:00Z
19466557,bot-mode,451693,2,15801754,2013-04-20T19:28:50Z
19466963,bot-mode,451693,2,15801754,2013-04-20T19:29:28Z
19467476,Rub21,510836,3,18069866,2013-09-27T22:38:43Z
19467887,bot-mode,451693,2,15801754,2013-04-20T19:30:41Z
19468212,Timothy Smith,115918,3,37214378,2016-02-14T23:11:50Z
19468621,Tom_Holland,574654,3,45425599,2017-01-24T08:59:43Z
19468987,sabas88,454589,3,14035820,2012-11-25T20:01:39Z
19469509,bot-mode,451693,2,14397193,2012-12-25T03:10:41Z
19469909,bot-mode,451693,2,15801754,2013-04-20T19:33:32Z
19470329,bot-mode,451693,2,15801754,2013-04-20T19:34:13Z
19470802,DaveHansenTiger,7168,1,508689,2008-01-02T04:05:31Z
19471222,bot-mode,451693,2,15801754,2013-04-20T19:35:37Z
19471681,Rub21,510836,3,18134030,2013-10-01T20:46:02Z
19472102,bot-mode,451693,2,14385695,2012-12-24T03:44:32Z
19472460,bot-mode,451693,2,15801754,2013-04-20T19:37:26Z
19473070,bot-mode,451693,2,14397193,2012-12-25T03:11:04Z
19473573,bot-mode,451693,2,14397193,2012-12-25T03:11:10Z
19474076,ridixcr,2508151,5,45144605,2017-01-13T19:49:36Z
19474489,bot-mode,451693,2,15802373,2013-04-20T19:39:49Z
19474909,Rps333,596047,3,21185352,2014-03-19T02:15:40Z
19475465,bot-mode,451693,2,14397193,2012-12-25T03:11:23Z
19475960,flierfy,445671,5,44412292,2016-12-15T01:34:06Z
19476524,flierfy,445671,4,44412292,2016-12-15T01:34:19Z
19476991,bot-mode,451693,2,14420402,2012-12-27T01:37:46Z
19477391,maxerickson,360392,3,27944993,2015-01-05T23:29:31Z
19477815,StevenTN,1767688,3,19118539,2013-11-25T22:34:41Z
19478224,bot-mode,451693,2,15802373,2013-04-20T19:43:40Z
19478513,enbrown,485040,4,33937229,2015-09-10T16:04:21Z
19478844,bot-mode,451693,2,15802373,2013-04-20T19:44:50Z
19479264,bot-mode,451693,2,14460071,2012-12-30T06:55:16Z
19479589,Luis36995,1829683,7,44880371,2017-01-03T19:38:59Z
19479947,beweta,152074,3,35645709,2015-11-29T13:13:11Z
19480287,fredjunod,84054,3,14503596,2013-01-02T18:28:50Z
19480594,bot-mode,451693,3,15802373,2013-04-20T19:47:10Z
19480957,StevenTN,1767688,3,18856290,2013-11-12T14:39:19Z
19481323,karitotp,2748195,5,44962128,2017-01-06T18:36:08Z
19481729,bot-mode,451693,2,14397193,2012-12-25T03:12:09Z
19482106,bot-mode,451693,2,14460071,2012-12-30T06:55:27Z
19482470,bot-mode,451693,2,15802373,2013-04-20T19:48:54Z
19482796,fredjunod,84054,3,14441947,2012-12-28T18:02:09Z
19483216,karitotp,2748195,3,45116646,2017-01-12T20:55:45Z
19483569,bot-mode,451693,2,14460071,2012-12-30T06:55:35Z
19483938,piligab,3877019,8,45407903,2017-01-23T18:48:46Z
19484236,ridixcr,2508151,4,45135594,2017-01-13T15:01:22Z
19484593,bot-mode,451693,2,15802373,2013-04-20T19:52:18Z
19484942,bot-mode,451693,2,15802373,2013-04-20T19:52:58Z
19485256,bot-mode,451693,2,15802373,2013-04-20T19:53:31Z
19485576,bot-mode,451693,2,15802373,2013-04-20T19:53:59Z
19485966,bot-mode,451693,2,15802373,2013-04-20T19:54:46Z
19513305,jonesydesign,1802220,3,21208975,2014-03-20T12:18:28Z
19522712,DaveHansenTiger,7168,1,510275,2008-01-02T08:46:31Z
19523211,DaveHansenTiger,7168,1,510275,2008-01-02T08:48:47Z
19523713,DaveHansenTiger,7168,1,510275,2008-01-02T08:50:53Z
19524169,AndrewSnow,371121,4,45067965,2017-01-11T04:40:21Z
19524697,bot-mode,451693,2,14397146,2012-12-25T03:01:28Z
19525123,bot-mode,451693,2,14528737,2013-01-04T17:17:53Z
19525653,bot-mode,451693,3,14374374,2012-12-23T07:14:46Z
19526065,bot-mode,451693,2,14397146,2012-12-25T03:01:35Z
19526647,AndrewSnow,371121,8,45067965,2017-01-11T04:40:22Z
19527231,AndrewSnow,371121,3,45068073,2017-01-11T04:55:53Z
19537201,bot-mode,451693,2,15803069,2013-04-20T21:03:05Z
19537789,samely,2512300,2,29278014,2015-03-05T22:09:24Z
19538155,DaveHansenTiger,7168,1,510848,2008-01-02T11:10:55Z
19538676,bot-mode,451693,2,15803069,2013-04-20T21:03:37Z
19539273,eptil,996463,2,13938211,2012-11-19T21:36:36Z
19539792,bot-mode,451693,2,14496568,2013-01-02T09:22:29Z
19540098,bot-mode,451693,2,14496568,2013-01-02T09:22:33Z
19540509,bot-mode,451693,2,14374692,2012-12-23T07:56:53Z
19541108,bot-mode,451693,2,14496568,2013-01-02T09:22:39Z
19541588,bot-mode,451693,3,15844820,2013-04-24T05:50:13Z
19542113,bot-mode,451693,2,15803730,2013-04-20T21:09:50Z
19547956,DaveHansenTiger,7168,1,511198,2008-01-02T12:05:44Z
19548544,DaveHansenTiger,7168,1,511198,2008-01-02T12:08:02Z
19549659,DaveHansenTiger,7168,1,511198,2008-01-02T12:12:30Z
19550362,DaveHansenTiger,7168,1,511198,2008-01-02T12:15:18Z
19551263,DaveHansenTiger,7168,1,511198,2008-01-02T12:18:19Z
19551936,DaveHansenTiger,7168,1,511198,2008-01-02T12:20:31Z
19552733,bot-mode,451693,2,14517484,2013-01-03T19:56:47Z
19553443,bot-mode,451693,2,14415598,2012-12-26T17:45:47Z
19554065,bot-mode,451693,2,14517484,2013-01-03T19:57:04Z
19554644,JakeSwan,2276362,3,30016686,2015-04-06T14:23:06Z
19554931,DaveHansenTiger,7168,1,511446,2008-01-02T12:35:42Z
19555144,volfan2005,1883326,3,21403210,2014-03-30T16:10:01Z
19555447,srividya_c,2115749,3,32157402,2015-06-23T09:59:38Z
19555756,ediyes,1240849,3,24300746,2014-07-22T20:50:57Z
19555986,DaveHansenTiger,7168,1,511446,2008-01-02T12:40:45Z
19556249,bot-mode,451693,2,14517484,2013-01-03T19:57:32Z
19556515,JakeSwan,2276362,3,30016686,2015-04-06T14:23:05Z
19556803,DaveHansenTiger,7168,1,511446,2008-01-02T12:44:33Z
19557248,DaveHansenTiger,7168,1,511446,2008-01-02T12:46:27Z
19557796,DaveHansenTiger,7168,1,511446,2008-01-02T12:48:31Z
19558047,DaveHansenTiger,7168,1,511446,2008-01-02T12:49:40Z
19558295,DaveHansenTiger,7168,1,511446,2008-01-02T12:50:42Z
19558570,gcjunge,775666,2,13408665,2012-10-08T07:39:14Z
19558834,Shawn Noble,1791301,6,34540540,2015-10-09T22:57:53Z
19559127,DaveHansenTiger,7168,1,511709,2008-01-02T12:54:49Z
19559422,DaveHansenTiger,7168,1,511709,2008-01-02T12:56:15Z
19559652,DaveHansenTiger,7168,1,511709,2008-01-02T12:57:18Z
19559920,DaveHansenTiger,7168,1,511709,2008-01-02T12:58:24Z
19560112,DaveHansenTiger,7168,1,511709,2008-01-02T12:59:16Z
19560321,ELadner,22925,2,34166889,2015-09-21T17:10:36Z
19560532,DaveHansenTiger,7168,1,511709,2008-01-02T13:01:17Z
19560771,DaveHansenTiger,7168,1,511709,2008-01-02T13:02:23Z
19561014,42429,42429,4,14965693,2013-02-09T10:41:05Z
19561211,wvdp,436419,2,23249126,2014-06-28T16:21:45Z
19561424,gcjunge,775666,2,13408665,2012-10-08T07:39:12Z
19561662,DaveHansenTiger,7168,1,511709,2008-01-02T13:05:46Z
19561915,42429,42429,2,13789183,2012-11-07T19:29:13Z
19562185,DaveHansenTiger,7168,1,511709,2008-01-02T13:07:36Z
19562445,ediyes,1240849,3,24300746,2014-07-22T20:50:53Z
19562697,bot-mode,451693,2,15803730,2013-04-20T21:31:01Z
19562906,ELadner,22925,3,34165815,2015-09-21T16:13:26Z
19563172,bot-mode,451693,2,15803730,2013-04-20T21:31:17Z
19563517,Cerritus,12919,4,14089153,2012-11-29T17:42:30Z
19563872,NE2,207745,3,12032825,2012-06-27T04:52:55Z
19564134,bot-mode,451693,2,14464953,2012-12-30T15:10:19Z
19564405,bot-mode,451693,3,15803730,2013-04-20T21:32:41Z
19564657,bot-mode,451693,4,15803730,2013-04-20T21:33:03Z
19564927,dchiles,153669,4,21482461,2014-04-03T19:19:12Z
19565200,dchiles,153669,4,25923118,2014-10-07T18:10:40Z
19565444,RoadGeek_MD99,475877,3,32216511,2015-06-26T00:51:27Z
19565695,wvdp,436419,3,23249126,2014-06-28T16:21:26Z
19565913,bot-mode,451693,2,15803730,2013-04-20T21:34:52Z
19566239,bot-mode,451693,3,15803730,2013-04-20T21:35:09Z
19566486,bot-mode,451693,2,15803730,2013-04-20T21:35:21Z
19566741,bot-mode,451693,2,14463232,2012-12-30T12:49:06Z
19566976,bot-mode,451693,2,15803730,2013-04-20T21:36:00Z
19567174,RoadGeek_MD99,475877,5,25591284,2014-09-22T00:10:05Z
19567389,Shawn Noble,1791301,7,29636944,2015-03-21T15:45:34Z
19567596,AndrewSnow,371121,4,45093525,2017-01-12T03:01:57Z
19567825,bot-mode,451693,3,15803730,2013-04-20T21:37:12Z
19568114,Shawn Noble,1791301,7,36233678,2015-12-29T04:32:02Z
19568331,bot-mode,451693,2,14417381,2012-12-26T20:19:55Z
19568530,bot-mode,451693,4,14464953,2012-12-30T15:10:44Z
19568753,bot-mode,451693,3,14417381,2012-12-26T20:20:03Z
19568986,bot-mode,451693,3,14464953,2012-12-30T15:10:46Z
19569211,dchiles,153669,3,21371263,2014-03-28T19:19:21Z
19569441,bot-mode,451693,4,15803730,2013-04-20T21:39:27Z
19569676,bot-mode,451693,2,14418446,2012-12-26T21:36:43Z
19569924,Nick_T,678281,4,24692622,2014-08-12T03:29:22Z
19570148,yurasi,3526564,7,41545753,2016-08-18T22:38:30Z
19570374,bot-mode,451693,2,14417381,2012-12-26T20:20:32Z
19570557,Nick_T,678281,5,24692622,2014-08-12T03:29:22Z
19570739,AndrewSnow,371121,4,45093687,2017-01-12T03:18:26Z
19570941,bot-mode,451693,7,14464953,2012-12-30T15:10:59Z
19571142,bot-mode,451693,4,15803730,2013-04-20T21:42:31Z
19571344,dchiles,153669,3,21371263,2014-03-28T19:18:55Z
19571520,Rub21,510836,3,18168693,2013-10-03T20:29:21Z
19571735,Shawn Noble,1791301,6,35621673,2015-11-28T02:53:31Z
19571943,TonyMa,837066,3,29461366,2015-03-13T23:10:44Z
19572355,bot-mode,451693,4,15803730,2013-04-20T21:45:17Z
19572768,Shawn Noble,1791301,7,36233678,2015-12-29T04:31:58Z
19573189,Rub21,510836,5,18168693,2013-10-03T20:29:29Z
19573561,Nick_T,678281,9,24727132,2014-08-13T16:15:02Z
19574007,Rub21,510836,3,18165708,2013-10-03T17:32:19Z
19574459,abel801,2377377,3,29122442,2015-02-26T20:21:34Z
19574887,bot-mode,451693,5,15804167,2013-04-20T21:50:13Z
19587861,bot-mode,451693,2,14501327,2013-01-02T15:28:42Z
19588318,DaveHansenTiger,7168,1,513188,2008-01-02T15:34:45Z
19588698,RoadGeek_MD99,475877,8,11294251,2012-04-14T01:39:29Z
19589074,DaveHansenTiger,7168,1,513188,2008-01-02T15:40:12Z
19589547,pyram,497849,2,40839272,2016-07-18T21:06:09Z
19589956,DaveHansenTiger,7168,1,513188,2008-01-02T15:46:07Z
19590328,AndrewSnow,371121,2,21147778,2014-03-17T01:30:32Z
19590592,AndrewSnow,371121,3,30319045,2015-04-19T00:17:55Z
19590823,DaveHansenTiger,7168,1,513188,2008-01-02T15:51:16Z
19591128,DaveHansenTiger,7168,1,513188,2008-01-02T15:52:39Z
19591360,cartodrummer,1200598,2,16014226,2013-05-07T16:43:34Z
19591568,wegavision,564585,4,19246538,2013-12-03T07:30:23Z
19591749,Harry Wood,1611,2,2539687,2009-09-19T23:24:26Z
19591982,DaveHansenTiger,7168,1,513188,2008-01-02T15:59:28Z
19592250,bot-mode,451693,2,15804167,2013-04-20T22:10:54Z
19592451,bot-mode,451693,3,14376180,2012-12-23T10:44:30Z
19592722,DaveHansenTiger,7168,1,513549,2008-01-02T16:05:05Z
19592967,jayL76,1767140,2,18340016,2013-10-13T20:21:10Z
19593230,AndrewSnow,371121,3,21185393,2014-03-19T02:22:32Z
19593448,DaveHansenTiger,7168,1,513549,2008-01-02T16:09:39Z
19593667,DaveHansenTiger,7168,1,513549,2008-01-02T16:11:02Z
19593963,DaveHansenTiger,7168,1,513549,2008-01-02T16:12:57Z
19594213,bot-mode,451693,3,14376180,2012-12-23T10:44:51Z
19594391,bot-mode,451693,2,15804167,2013-04-20T22:13:09Z
19594576,DaveHansenTiger,7168,1,513549,2008-01-02T16:17:29Z
19594853,Timothy Smith,115918,3,30492314,2015-04-26T06:33:19Z
19595045,AndrewSnow,371121,4,21147778,2014-03-17T01:30:18Z
19595228,bot-mode,451693,2,14398416,2012-12-25T06:47:06Z
19595429,andrewpmk,1679,10,37348797,2016-02-21T15:28:50Z
19595626,cartodrummer,1200598,3,16458944,2013-06-07T16:05:55Z
19595822,bot-mode,451693,2,14501327,2013-01-02T15:28:59Z
19596030,bot-mode,451693,2,14387468,2012-12-24T08:54:45Z
19596207,AndrewSnow,371121,3,30367619,2015-04-21T02:55:17Z
19596438,bot-mode,451693,2,14464070,2012-12-30T14:03:21Z
19596661,dchiles,153669,4,25732924,2014-09-28T19:33:05Z
19596863,wegavision,564585,5,19246538,2013-12-03T07:30:24Z
19597085,wegavision,564585,4,18005705,2013-09-24T09:42:24Z
19597278,bot-mode,451693,2,14376180,2012-12-23T10:45:30Z
19597467,cartodrummer,1200598,3,16460098,2013-06-07T17:59:58Z
19597661,bot-mode,451693,2,14374672,2012-12-23T07:54:54Z
19597835,AndrewSnow,371121,3,45343139,2017-01-21T04:09:31Z
19598063,DaveHansenTiger,7168,1,513779,2008-01-02T16:44:29Z
19598449,AndrewSnow,371121,3,21487405,2014-04-04T02:42:36Z
19598882,bot-mode,451693,3,15804167,2013-04-20T22:20:09Z
19599340,Richard,165,7,44976034,2017-01-07T10:52:45Z
19599642,bot-mode,451693,3,14387468,2012-12-24T08:55:22Z
19600080,dchiles,153669,9,37574725,2016-03-02T20:51:11Z
19600506,bot-mode,451693,2,15804167,2013-04-20T22:21:24Z
19600956,bot-mode,451693,2,14387468,2012-12-24T08:55:34Z
19601444,bot-mode,451693,2,15804167,2013-04-20T22:21:48Z
19601832,mmcdaniel,2192814,30,25649495,2014-09-24T16:59:30Z
19602252,bot-mode,451693,4,14387468,2012-12-24T08:55:47Z
19602631,bot-mode,451693,2,14374672,2012-12-23T07:55:27Z
19603001,bot-mode,451693,3,14530833,2013-01-04T20:44:02Z
19603325,bot-mode,451693,2,14374672,2012-12-23T07:55:32Z
19603628,Rub21,510836,3,18164054,2013-10-03T15:54:46Z
19604016,Rub21,510836,4,18165061,2013-10-03T16:50:39Z
19604269,bot-mode,451693,3,14387468,2012-12-24T08:56:09Z
19604642,bot-mode,451693,2,14530833,2013-01-04T20:44:16Z
19604985,AndrewSnow,371121,4,30319045,2015-04-19T00:18:03Z
19605479,AndrewSnow,371121,4,30317927,2015-04-18T22:32:56Z
19605771,bot-mode,451693,3,14398416,2012-12-25T06:47:38Z
19606151,bot-mode,451693,2,15804522,2013-04-20T22:27:53Z
19606517,Rub21,510836,3,18114610,2013-09-30T17:24:51Z
19609104,DaveHansenTiger,7168,1,514208,2008-01-02T17:55:57Z
19609517,DaveHansenTiger,7168,1,514208,2008-01-02T17:58:07Z
19610019,Richard,165,2,28771006,2015-02-11T11:29:42Z
19610565,DaveHansenTiger,7168,1,514208,2008-01-02T18:02:06Z
19611054,DaveHansenTiger,7168,1,514208,2008-01-02T18:04:06Z
19611502,Lart,29148,2,1363344,2009-05-30T21:23:35Z
19611957,DaveHansenTiger,7168,1,514208,2008-01-02T18:07:39Z
19612366,DaveHansenTiger,7168,1,514208,2008-01-02T18:09:33Z
19612771,DaveHansenTiger,7168,1,514208,2008-01-02T18:11:23Z
19613164,DaveHansenTiger,7168,1,514208,2008-01-02T18:13:03Z
19613778,bot-mode,451693,2,15804522,2013-04-20T22:34:37Z
19614395,bot-mode,451693,2,15804522,2013-04-20T22:35:22Z
19615058,bot-mode,451693,3,14464210,2012-12-30T14:14:31Z
19615781,bot-mode,451693,3,14390677,2012-12-24T13:57:29Z
19616485,calfarome,2511706,3,29545674,2015-03-17T17:01:49Z
19617101,MikeN,135163,6,44150267,2016-12-04T04:01:21Z
19617689,bot-mode,451693,5,14357228,2012-12-21T17:36:57Z
19618388,bot-mode,451693,3,14357228,2012-12-21T17:37:03Z
19618947,bot-mode,451693,2,15804522,2013-04-20T22:42:37Z
19619450,bot-mode,451693,3,14357228,2012-12-21T17:37:15Z
19620270,DaveHansenTiger,7168,1,514872,2008-01-02T18:56:22Z
19620752,DaveHansenTiger,7168,1,514872,2008-01-02T18:58:37Z
19621271,joshparnham,1009527,2,16402509,2013-06-03T08:04:49Z
19621790,DaveHansenTiger,7168,1,514872,2008-01-02T19:04:08Z
19622408,DaveHansenTiger,7168,1,514872,2008-01-02T19:07:11Z
19622917,ediyes,1240849,2,27024759,2014-11-25T15:57:33Z
19623340,srividya_c,2115749,2,31737116,2015-06-05T06:18:07Z
19623834,DaveHansenTiger,7168,1,514872,2008-01-02T19:14:41Z
19624380,DaveHansenTiger,7168,1,514872,2008-01-02T19:17:23Z
19624952,NE2,207745,2,12037561,2012-06-27T14:55:57Z
19625426,Rub21,510836,3,18149620,2013-10-02T19:07:55Z
19626087,ediyes,1240849,3,19502266,2013-12-17T17:39:54Z
19626736,joshparnham,1009527,3,14582446,2013-01-09T05:21:35Z
19627348,AndrewSnow,371121,3,20423287,2014-02-07T02:53:46Z
19628152,bot-mode,451693,2,15804522,2013-04-20T22:55:46Z
19628799,bot-mode,451693,2,14373526,2012-12-23T04:39:47Z
19629500,bot-mode,451693,3,15804522,2013-04-20T22:58:17Z
19630225,bot-mode,451693,2,14365921,2012-12-22T13:23:24Z
19630932,bot-mode,451693,2,14363452,2012-12-22T08:58:23Z
19631486,AndrewSnow,371121,3,20423387,2014-02-07T03:16:22Z
19632190,bot-mode,451693,2,15804522,2013-04-20T23:02:37Z
19632777,joshparnham,1009527,3,16427855,2013-06-05T06:27:00Z
19633386,25or6to4,37392,4,43052022,2016-10-21T07:10:42Z
19634107,pyram,497849,5,34597531,2015-10-12T19:22:33Z
19634781,bot-mode,451693,4,14460127,2012-12-30T07:08:09Z
19635389,bot-mode,451693,2,14373316,2012-12-23T03:59:28Z
19635693,AndrewSnow,371121,3,20423287,2014-02-07T02:53:41Z
19635914,DaveHansenTiger,7168,1,515437,2008-01-02T20:24:54Z
19636152,DaveHansenTiger,7168,1,515437,2008-01-02T20:26:07Z
19636455,DaveHansenTiger,7168,1,515437,2008-01-02T20:27:19Z
19636760,bot-mode,451693,3,15804780,2013-04-20T23:09:27Z
19637154,calfarome,2511706,3,29278033,2015-03-05T22:09:20Z
19637515,bot-mode,451693,2,15804780,2013-04-20T23:10:39Z
19637768,ediyes,1240849,4,19502041,2013-12-17T17:26:09Z
19638042,Rub21,510836,3,18146044,2013-10-02T15:25:53Z
19638342,bot-mode,451693,3,15804780,2013-04-20T23:12:38Z
19638904,AndrewSnow,371121,4,20423387,2014-02-07T03:16:24Z
19639481,AndrewSnow,371121,4,30153340,2015-04-11T22:50:44Z
19640040,bot-mode,451693,2,14494813,2013-01-02T03:54:27Z
19646727,42429,42429,5,15381944,2013-03-16T10:08:49Z
19647529,DaveHansenTiger,7168,1,515856,2008-01-02T21:20:58Z
19648277,dchiles,153669,2,26423532,2014-10-29T21:32:48Z
19649221,bdiscoe,402624,3,21205192,2014-03-20T07:25:28Z
19650000,bot-mode,451693,2,15804780,2013-04-20T23:31:12Z
19650698,bot-mode,451693,3,15804780,2013-04-20T23:32:30Z
19651530,bot-mode,451693,2,14411755,2012-12-26T12:43:35Z
19652481,bot-mode,451693,2,14451972,2012-12-29T15:26:55Z
19653676,bot-mode,451693,3,14497058,2013-01-02T10:07:26Z
19654487,bot-mode,451693,3,14513351,2013-01-03T14:44:16Z
19655467,bot-mode,451693,2,15804780,2013-04-20T23:38:38Z
19656354,bot-mode,451693,2,14451972,2012-12-29T15:27:20Z
19657173,bot-mode,451693,2,15804780,2013-04-20T23:41:06Z
19663965,StevenTN,1767688,4,19226679,2013-12-02T02:45:26Z
19664919,DaveHansenTiger,7168,1,516240,2008-01-02T22:46:28Z
19665632,StevenTN,1767688,2,19064431,2013-11-22T23:27:11Z
19666104,StevenTN,1767688,3,19084761,2013-11-24T02:37:20Z
19666793,DaveHansenTiger,7168,1,516467,2008-01-02T22:58:19Z
19667384,O-Mega,68606,2,345674,2008-10-15T04:11:23Z
19667853,DaveHansenTiger,7168,1,516467,2008-01-02T23:05:10Z
19668014,DaveHansenTiger,7168,1,516467,2008-01-02T23:06:10Z
19668145,DaveHansenTiger,7168,1,516467,2008-01-02T23:06:55Z
19668293,DaveHansenTiger,7168,1,516467,2008-01-02T23:08:02Z
19668496,DaveHansenTiger,7168,1,516467,2008-01-02T23:09:48Z
19668722,DaveHansenTiger,7168,1,516467,2008-01-02T23:11:54Z
19668973,DaveHansenTiger,7168,1,516467,2008-01-02T23:14:23Z
19669231,DaveHansenTiger,7168,1,516467,2008-01-02T23:15:59Z
19669460,DaveHansenTiger,7168,1,516467,2008-01-02T23:17:15Z
19669678,DaveHansenTiger,7168,1,516467,2008-01-02T23:18:40Z
19669882,st1974,44793,6,18213803,2013-10-06T14:59:52Z
19670136,Andre Engels,4054,2,13003659,2012-09-05T23:48:40Z
19670409,DaveHansenTiger,7168,1,516467,2008-01-02T23:23:00Z
19670601,DaveHansenTiger,7168,1,516467,2008-01-02T23:24:20Z
19670795,DaveHansenTiger,7168,1,516467,2008-01-02T23:25:21Z
19670972,StevenTN,1767688,3,19260053,2013-12-03T20:37:37Z
19671198,bot-mode,451693,4,14394813,2012-12-24T20:30:25Z
19671413,AndrewSnow,371121,4,37199048,2016-02-14T07:51:09Z
19671631,DaveHansenTiger,7168,1,520666,2008-01-02T23:30:30Z
19671848,StevenTN,1767688,5,18946071,2013-11-17T02:41:08Z
19672087,AndrewSnow,371121,3,37199655,2016-02-14T09:10:22Z
19672292,DaveHansenTiger,7168,1,520666,2008-01-02T23:34:14Z
19672491,Spanholz,2209894,4,40821824,2016-07-18T15:30:24Z
19672694,DaveHansenTiger,7168,1,520666,2008-01-02T23:36:44Z
19672871,shravan91,1051550,3,32045455,2015-06-18T08:11:47Z
19673073,DaveHansenTiger,7168,1,520666,2008-01-02T23:39:12Z
19673279,dr ingrid,1901542,2,32637059,2015-07-14T20:09:51Z
19673503,DaveHansenTiger,7168,1,520666,2008-01-02T23:41:48Z
19673795,Rub21,510836,3,18128143,2013-10-01T14:27:47Z
19674040,bot-mode,451693,3,14460127,2012-12-30T07:09:17Z
19674267,bot-mode,451693,2,15804962,2013-04-20T23:57:09Z
19674593,paulmach,91499,3,18116592,2013-09-30T19:22:24Z
19674849,bot-mode,451693,3,14460127,2012-12-30T07:09:28Z
19675193,bot-mode,451693,2,14394813,2012-12-24T20:31:24Z
19675449,StevenTN,1767688,3,18864052,2013-11-12T21:47:10Z
19675675,DaveHansenTiger,7168,1,520666,2008-01-02T23:55:12Z
19675924,bot-mode,451693,3,15804962,2013-04-20T23:58:17Z
19676147,bot-mode,451693,2,14394813,2012-12-24T20:31:37Z
19676391,bot-mode,451693,2,15804962,2013-04-20T23:58:40Z
19676630,AndrewSnow,371121,3,21221165,2014-03-21T03:43:05Z
19676830,California Bear,28923,4,385942,2008-10-17T02:49:14Z
19677081,bot-mode,451693,2,15804962,2013-04-20T23:59:16Z
19677282,maxerickson,360392,3,35549908,2015-11-24T12:59:58Z
19677510,bot-mode,451693,2,15804962,2013-04-20T23:59:43Z
19677739,RichRico,2219338,3,31486074,2015-05-26T20:17:41Z
19677907,bot-mode,451693,2,15804962,2013-04-21T00:00:11Z
19678135,karitotp,2748195,3,32452712,2015-07-06T16:36:12Z
19678335,dchiles,153669,3,21634020,2014-04-11T20:09:46Z
19678539,bot-mode,451693,2,14394734,2012-12-24T20:19:21Z
19678752,bot-mode,451693,2,14394734,2012-12-24T20:19:24Z
19678975,bot-mode,451693,2,14460124,2012-12-30T07:06:03Z
19679207,ediyes,1240849,5,19519691,2013-12-18T18:04:35Z
19741289,bot-mode,451693,6,14394813,2012-12-24T20:31:53Z
19741889,Tom_Holland,574654,3,45456703,2017-01-25T01:36:38Z
19742121,maxerickson,360392,4,27541496,2014-12-17T23:29:55Z
19754511,AndrewSnow,371121,3,32618386,2015-07-14T03:51:22Z
19754862,Rub21,510836,3,18047041,2013-09-26T15:52:14Z
19755156,StevenTN,1767688,4,19258927,2013-12-03T19:36:11Z
19755407,bot-mode,451693,2,14397189,2012-12-25T03:08:12Z
19755689,StevenTN,1767688,4,18945599,2013-11-17T01:01:30Z
19755962,bot-mode,451693,2,15804962,2013-04-21T00:06:37Z
19756225,Tom_Holland,574654,3,45356023,2017-01-21T18:38:17Z
19756462,bot-mode,451693,2,14376993,2012-12-23T12:01:31Z
27209612,Shawn Noble,1791301,2,22339533,2014-05-14T18:48:04Z
27346562,Nick_T,678281,15,24672100,2014-08-11T08:17:13Z
27488808,O-Mega,68606,4,51878,2008-10-03T16:40:02Z
27562176,42429,42429,4,7792168,2011-04-07T08:17:47Z
27612512,O-Mega,68606,2,183649,2008-10-09T01:34:45Z
27695782,NE2,207745,3,8027197,2011-05-02T00:32:10Z
27745334,RoadGeek_MD99,475877,7,11682336,2012-05-23T16:49:23Z
27785882,NE2,207745,5,12740613,2012-08-15T15:49:26Z
27804712,California Bear,28923,2,408073,2008-10-17T22:59:11Z
27939010,Tom_Holland,574654,5,23309806,2014-06-30T03:59:49Z
28011544,rickmastfan67,252811,8,12462377,2012-07-24T10:45:41Z
28064044,Chrizwald,5192371,8,45494619,2017-01-26T00:05:01Z
28115769,NE2,207745,3,12740613,2012-08-15T15:49:34Z
29358897,Cato_d_Ae,1679807,4,21178649,2014-03-18T17:51:29Z
38956140,TIGERcnl,120146,1,2126221,2009-08-13T04:20:38Z
39011928,TIGERcnl,120146,1,2137351,2009-08-13T23:14:30Z
39084829,hofoen,52797,2,46682107,2017-03-08T14:32:19Z
39180947,RoadGeek_MD99,475877,3,11677063,2012-05-23T00:38:50Z
39701519,antjenkins,72862,3,2294995,2009-08-28T21:17:23Z
40966912,Robert Claypool,124516,2,11801794,2012-06-04T23:33:59Z
41123646,42429,42429,2,7756009,2011-04-03T16:17:19Z
41163986,42429,42429,2,7757153,2011-04-03T18:02:57Z
41387350,darksurge,2400191,3,31235493,2015-05-17T18:21:27Z
46735619,ez_duce,203541,2,3422834,2009-12-21T20:28:50Z
51377465,Rub21,510836,2,18165061,2013-10-03T16:50:45Z
53547442,ToeBee,262151,7,21878080,2014-04-23T05:38:03Z
53624713,GoWestTravel,3478684,6,41031685,2016-07-26T08:32:41Z
55410933,Sunfishtommy,2302638,5,46752925,2017-03-11T00:20:09Z
61112487,Huntster,114243,3,11146487,2012-03-30T02:21:42Z
70024820,Rub21,510836,2,18169056,2013-10-03T20:55:00Z
76233863,Lart,29148,1,5700259,2010-09-06T17:27:17Z
79936308,wvdp,436419,3,22616228,2014-05-29T10:59:06Z
83465438,CynicalDooDad,1505651,9,26180518,2014-10-18T22:09:09Z
83804740,rickmastfan67,252811,3,12462377,2012-07-24T09:44:28Z
84009817,Rub21,510836,4,18117697,2013-09-30T20:26:05Z
86256057,mdk,178186,2,11539270,2012-05-08T13:48:02Z
86295497,mqguru,372350,1,6444238,2010-11-24T04:53:05Z
89761044,Sunfishtommy,2302638,6,46535455,2017-03-02T23:14:48Z
98717320,bot-mode,451693,5,14417381,2012-12-26T20:21:00Z
101314924,42429,42429,1,7379510,2011-02-24T08:40:49Z
106771235,David Crochet,50624,6,26127664,2014-10-16T19:52:38Z
107088659,st1974,44793,2,18961245,2013-11-17T21:25:24Z
107312624,42429,42429,1,7775637,2011-04-05T14:55:18Z
107398767,NE2,207745,3,9931216,2011-11-24T10:15:05Z
107457972,StevenTN,1767688,7,18986817,2013-11-19T03:42:59Z
107574528,42429,42429,1,7795458,2011-04-07T15:14:20Z
107610717,Lambertus,6424,1,7797513,2011-04-07T19:06:21Z
107630960,Lambertus,6424,1,7799120,2011-04-07T21:50:30Z
108045427,headwatersolver,3521724,11,39276179,2016-05-12T19:26:11Z
108045546,NE2,207745,4,9931216,2011-11-24T10:08:29Z
108045650,bot-mode,451693,2,14460071,2012-12-30T06:56:23Z
108161977,Lambertus,6424,1,7837951,2011-04-11T21:53:00Z
108162319,Lambertus,6424,1,7837951,2011-04-11T21:53:24Z
108162471,michelle08,2018625,3,21514718,2014-04-05T14:10:48Z
108269231,Lambertus,6424,1,7847076,2011-04-12T21:26:37Z
108269462,Lambertus,6424,1,7847076,2011-04-12T21:27:03Z
108269666,NE2,207745,2,8019616,2011-05-01T10:31:44Z
108269942,Lambertus,6424,1,7847076,2011-04-12T21:27:56Z
111081842,AndrewSnow,371121,4,24212914,2014-07-18T03:19:51Z
111559753,homeslice60148,365944,4,25591591,2014-09-21T23:33:44Z
114615440,ez_duce,203541,1,8231155,2011-05-23T23:19:12Z
114645645,ez_duce,203541,1,8232004,2011-05-24T05:36:29Z
120254800,Rub21,510836,3,18061567,2013-09-27T13:20:01Z
121304373,ToeBee,262151,5,21949177,2014-04-26T08:15:25Z
129490651,ediyes,1240849,5,31931861,2015-06-12T20:58:56Z
130910798,JessAk71,381909,2,45087630,2017-01-11T21:15:34Z
131688764,Yoshinion,3151684,3,37128570,2016-02-10T16:33:16Z
131826222,RichRico,2219338,2,31486074,2015-05-26T20:17:47Z
133569701,IknowJoseph,30587,1,9577694,2011-10-16T22:39:26Z
138172864,California Bear,28923,1,9927183,2011-11-23T22:24:04Z
141725938,DKnTN,4810144,3,43364427,2016-11-02T22:12:31Z
143909298,Steven Bell,90477,1,10276463,2012-01-02T21:32:30Z
153996864,Brian@Brea,416346,4,37632088,2016-03-05T18:00:35Z
157393797,jmntn2000,636743,1,11138852,2012-03-29T13:26:23Z
157504373,cartodrummer,1200598,2,16040909,2013-05-09T02:28:29Z
163974729,NE2,207745,2,11638639,2012-05-19T00:37:00Z
164684851,NE2,207745,2,12824718,2012-08-22T19:16:52Z
166024422,st1974,44793,2,17904828,2013-09-18T12:19:10Z
168606565,neuhausr,16591,5,21368425,2014-03-28T16:20:04Z
169236460,NE2,207745,1,12037561,2012-06-27T14:50:21Z
170450430,bot-mode,451693,2,15826229,2013-04-22T16:10:38Z
172479242,Shawn Noble,1791301,3,41296207,2016-08-07T01:17:02Z
172868327,Sunfishtommy,2302638,2,46752992,2017-03-11T00:31:40Z
172939369,rickmastfan67,252811,1,12487738,2012-07-25T14:43:33Z
174343436,ipartola,401813,2,12646163,2012-08-07T14:32:17Z
174959254,rad1ance,757042,1,12648632,2012-08-07T18:05:50Z
174962907,rad1ance,757042,1,12648632,2012-08-07T18:32:33Z
174965617,NayanataraM,2053369,2,23050180,2014-06-20T18:56:12Z
175060816,Paul Johnson,92286,3,21033273,2014-03-10T22:05:45Z
177371687,NE2,207745,1,12824718,2012-08-22T19:15:17Z
179075866,nm7s9,12434,1,12949031,2012-09-02T04:02:16Z
180643427,dannykath,2226712,3,37717744,2016-03-09T19:39:06Z
180809051,StevenTN,1767688,2,18936937,2013-11-16T16:49:48Z
181314643,bot-mode,451693,2,14385682,2012-12-24T03:40:49Z
181958568,jumbanho,38487,3,24151153,2014-07-14T23:29:27Z
182251243,Shawn Noble,1791301,2,29236212,2015-03-04T04:08:58Z
182600852,Derick Rethans,37137,1,13225917,2012-09-23T20:45:53Z
184705385,amillar,28145,1,13407492,2012-10-08T05:11:53Z
185563059,ZMetans,945296,2,13474144,2012-10-13T02:41:51Z
186199547,andygol,94578,4,33296718,2015-08-12T17:44:08Z
187720996,David Crochet,50624,2,26127664,2014-10-16T19:51:56Z
189533895,egore911,8764,1,13785982,2012-11-07T14:24:13Z
190854309,Shawn Noble,1791301,3,35248823,2015-11-11T20:42:47Z
191613688,eptil,996463,1,13935965,2012-11-19T19:02:26Z
191738645,lhaylett,3711112,5,37945953,2016-03-19T21:19:25Z
192323374,ediyes,1240849,2,27023492,2014-11-25T14:56:54Z
192507061,Theodin,1219875,2,15604939,2013-04-04T10:26:11Z
192748426,sabas88,454589,1,14035820,2012-11-25T20:01:24Z
193371541,eptil,996463,1,14077609,2012-11-28T19:17:18Z
194873179,bot-mode,451693,2,15809904,2013-04-21T12:24:51Z
197880845,bot-mode,451693,2,14463232,2012-12-30T12:49:40Z
199423149,Daniel O'Maley,994406,1,14521022,2013-01-04T01:24:05Z
200038594,fredjunod,84054,1,14565529,2013-01-07T18:06:29Z
202786459,joeybullock,602388,1,14778548,2013-01-25T10:43:50Z
205275907,42429,42429,2,15219802,2013-03-02T10:42:28Z
207691498,bot-mode,451693,2,15844820,2013-04-24T05:56:58Z
208020421,JessAk71,381909,3,45015772,2017-01-09T01:46:26Z
208608298,42429,42429,1,15274688,2013-03-06T19:36:37Z
208763643,42429,42429,1,15286809,2013-03-07T20:37:54Z
213047493,joshparnham,1009527,1,15511805,2013-03-27T06:31:19Z
215271263,Latze,2318,1,15596183,2013-04-03T15:32:44Z
217858348,rickmastfan67,252811,1,15773443,2013-04-18T13:22:29Z
219001577,greggerm,567139,1,15871960,2013-04-26T12:51:29Z
220528304,hofoen,52797,3,37603155,2016-03-04T08:23:51Z
220664340,cartodrummer,1200598,2,16109952,2013-05-13T13:07:02Z
220786042,cartodrummer,1200598,1,16070865,2013-05-10T20:13:21Z
221679179,gorn,10353,1,16161060,2013-05-17T02:00:17Z
224209648,joshparnham,1009527,1,16402509,2013-06-03T08:13:47Z
225368876,Justin Threlkeld,1381863,1,16518888,2013-06-12T04:52:28Z
229485372,ereiamjh3,700254,1,16907838,2013-07-11T03:50:28Z
232923973,Scott Jojo,1342943,1,17283552,2013-08-09T19:24:16Z
232924089,Scott Jojo,1342943,1,17283552,2013-08-09T19:24:24Z
232926296,Scott Jojo,1342943,1,17283779,2013-08-09T19:42:14Z
235487264,StevenTN,1767688,2,18393567,2013-10-16T20:54:28Z
235823112,st1974,44793,2,19576294,2013-12-22T03:56:45Z
235839798,st1974,44793,1,17589477,2013-08-30T13:35:12Z
236425031,st1974,44793,1,17655993,2013-09-03T15:26:53Z
238131772,st1974,44793,2,19576294,2013-12-22T03:56:55Z
238448372,st1974,44793,1,17904828,2013-09-18T12:19:08Z
238784761,st1974,44793,1,17945507,2013-09-20T19:15:27Z
238852314,st1974,44793,1,17957383,2013-09-21T14:15:40Z
239165001,Shawn Noble,1791301,3,27035886,2014-11-26T02:40:28Z
239451983,Rub21,510836,1,18046745,2013-09-26T15:33:50Z
239463806,Rub21,510836,1,18048494,2013-09-26T17:18:27Z
239472144,StevenTN,1767688,2,18964912,2013-11-18T03:08:02Z
239488537,Rub21,510836,1,18051877,2013-09-26T20:31:53Z
239494792,StevenTN,1767688,3,18945971,2013-11-17T02:23:46Z
239506462,Rub21,510836,2,18053466,2013-09-26T22:21:24Z
239573999,Rub21,510836,2,18062246,2013-09-27T14:08:31Z
239584823,Rub21,510836,2,18063024,2013-09-27T14:56:51Z
239614010,maxerickson,360392,2,27936126,2015-01-05T16:07:22Z
239625418,Rub21,510836,2,18067137,2013-09-27T19:18:45Z
239632687,THolt,5217232,5,45740396,2017-02-02T09:10:27Z
239643882,Rub21,510836,1,18068629,2013-09-27T21:01:58Z
239654378,ELadner,22925,2,34379214,2015-10-01T23:05:21Z
239658670,Rub21,510836,1,18069294,2013-09-27T21:45:57Z
239666085,Rub21,510836,2,18069866,2013-09-27T22:38:50Z
239995956,Rub21,510836,2,18110184,2013-09-30T13:08:36Z
240003179,Rub21,510836,1,18111457,2013-09-30T14:14:05Z
240009787,Rub21,510836,1,18112508,2013-09-30T15:15:27Z
240015332,AndrewSnow,371121,3,30317927,2015-04-18T22:33:04Z
240024859,AndrewSnow,371121,3,30318612,2015-04-18T23:24:36Z
240035757,AndrewSnow,371121,2,30339842,2015-04-19T19:38:16Z
240044730,RoadGeek_MD99,475877,4,41567043,2016-08-19T22:38:56Z
240053340,Rub21,510836,1,18118145,2013-09-30T20:58:18Z
240058300,Rub21,510836,1,18118917,2013-09-30T21:57:53Z
240128038,st1974,44793,1,18126584,2013-10-01T12:38:22Z
240142683,Rub21,510836,1,18128522,2013-10-01T14:50:21Z
240149417,ediyes,1240849,2,19519989,2013-12-18T18:22:40Z
240163136,Rub21,510836,1,18130561,2013-10-01T17:12:09Z
240167841,cphillips34,3665005,3,37486155,2016-02-27T17:55:10Z
240188409,Rub21,510836,1,18133808,2013-10-01T20:31:13Z
240197249,Rub21,510836,1,18134670,2013-10-01T21:33:05Z
240268875,st1974,44793,1,18143688,2013-10-02T13:14:46Z
240273149,AndrewSnow,371121,2,21275200,2014-03-23T23:05:34Z
240279983,Rub21,510836,2,18146370,2013-10-02T15:50:28Z
240285579,Rub21,510836,2,18146575,2013-10-02T16:05:38Z
240290576,Rub21,510836,1,18147457,2013-10-02T17:00:50Z
240295860,RoadGeek_MD99,475877,3,44942218,2017-01-06T03:04:20Z
240302995,ELadner,22925,3,34678903,2015-10-16T16:35:36Z
240312385,AndrewSnow,371121,3,21276645,2014-03-24T02:09:18Z
240318823,Rub21,510836,1,18151516,2013-10-02T21:04:34Z
240322571,Rub21,510836,1,18152258,2013-10-02T21:59:49Z
240378311,25or6to4,37392,3,45921670,2017-02-08T16:05:30Z
240382822,Spanholz,2209894,3,40454688,2016-07-03T09:38:47Z
240386986,25or6to4,37392,3,45921019,2017-02-08T15:50:11Z
240390822,Rub21,510836,2,18163877,2013-10-03T15:41:52Z
240394835,Rub21,510836,2,18164570,2013-10-03T16:22:55Z
240399104,Rub21,510836,1,18165061,2013-10-03T16:50:34Z
240404581,Nick_T,678281,3,24727394,2014-08-13T16:28:08Z
240409455,Shawn Noble,1791301,2,44082660,2016-12-01T10:18:53Z
240437412,Nick_T,678281,4,24671548,2014-08-11T07:39:35Z
240441979,Rub21,510836,1,18169537,2013-10-03T21:34:10Z
240442917,st1974,44793,1,18169730,2013-10-03T21:51:14Z
240503544,st1974,44793,1,18178513,2013-10-04T13:28:13Z
240510935,st1974,44793,1,18179234,2013-10-04T14:13:19Z
240523421,st1974,44793,1,18181223,2013-10-04T16:01:29Z
240563687,st1974,44793,1,18185815,2013-10-04T20:57:05Z
240608924,st1974,44793,1,18191583,2013-10-05T09:09:42Z
240613921,st1974,44793,2,18609705,2013-10-29T22:31:31Z
240826034,st1974,44793,1,18214672,2013-10-06T15:48:30Z
241026481,StevenTN,1767688,1,18236448,2013-10-07T20:03:03Z
241738033,jayL76,1767140,1,18307956,2013-10-12T03:41:03Z
241756683,st1974,44793,1,18311267,2013-10-12T09:23:04Z
242866327,st1974,44793,1,18456729,2013-10-20T18:22:13Z
242866429,st1974,44793,1,18456729,2013-10-20T18:22:24Z
243438353,st1974,44793,1,18537593,2013-10-25T15:12:35Z
243611978,st1974,44793,1,18560814,2013-10-27T04:52:51Z
243668125,st1974,44793,3,23343141,2014-06-30T11:49:04Z
244498078,25or6to4,37392,2,45062268,2017-01-10T21:18:11Z
244701515,st1974,44793,1,18714009,2013-11-04T15:31:46Z
244708694,st1974,44793,1,18715259,2013-11-04T16:45:09Z
244708801,st1974,44793,1,18715259,2013-11-04T16:45:16Z
244841741,st1974,44793,1,18731167,2013-11-05T15:39:36Z
244851585,st1974,44793,1,18733065,2013-11-05T17:33:50Z
244951100,st1974,44793,1,18748005,2013-11-06T14:15:47Z
244962828,st1974,44793,1,18749716,2013-11-06T15:55:45Z
244964870,st1974,44793,1,18750202,2013-11-06T16:26:04Z
244968149,st1974,44793,1,18750779,2013-11-06T17:02:16Z
245077387,st1974,44793,1,18766446,2013-11-07T15:32:27Z
245077488,st1974,44793,1,18766446,2013-11-07T15:32:36Z
245215783,st1974,44793,1,18786181,2013-11-08T17:32:45Z
245215894,st1974,44793,1,18786181,2013-11-08T17:32:52Z
245323700,st1974,44793,1,18801192,2013-11-09T16:01:50Z
245345124,st1974,44793,1,18804016,2013-11-09T18:50:08Z
245356570,st1974,44793,1,18805829,2013-11-09T20:42:55Z
245427729,st1974,44793,1,18814649,2013-11-10T11:40:51Z
245537871,st1974,44793,1,18825677,2013-11-10T22:03:47Z
245546039,st1974,44793,1,18826360,2013-11-10T22:49:04Z
245674427,Tom_Holland,574654,2,45407548,2017-01-23T18:35:35Z
245887772,st1974,44793,1,18864207,2013-11-12T21:58:49Z
245915247,Paul Johnson,92286,2,21033273,2014-03-10T22:05:00Z
245955847,st1974,44793,1,18871098,2013-11-13T10:05:05Z
246059627,StevenTN,1767688,1,18883468,2013-11-13T21:31:37Z
246086317,StevenTN,1767688,2,18886978,2013-11-14T02:33:06Z
246208190,StevenTN,1767688,1,18902885,2013-11-14T20:47:49Z
246332383,st1974,44793,1,18918175,2013-11-15T17:00:35Z
246424269,st1974,44793,1,18929096,2013-11-16T09:22:29Z
246508911,st1974,44793,1,18939871,2013-11-16T19:06:39Z
246541642,st1974,44793,1,18943470,2013-11-16T21:55:40Z
246704849,st1974,44793,1,18960315,2013-11-17T20:37:04Z
246711191,st1974,44793,1,18961245,2013-11-17T21:25:21Z
247051819,st1974,44793,1,18996922,2013-11-19T16:24:19Z
247061180,st1974,44793,1,18998165,2013-11-19T17:31:21Z
247246781,StevenTN,1767688,1,19017903,2013-11-20T16:47:23Z
247298010,StevenTN,1767688,1,19022692,2013-11-20T20:19:26Z
247373759,Tom_Holland,574654,1,19029992,2013-11-21T08:10:34Z
247665608,st1974,44793,1,19057616,2013-11-22T16:34:16Z
247938457,StevenTN,1767688,1,19082673,2013-11-23T22:32:47Z
248366610,StevenTN,1767688,1,19118107,2013-11-25T22:05:14Z
248844473,st1974,44793,1,19162472,2013-11-28T15:40:56Z
249487813,StevenTN,1767688,1,19226500,2013-12-02T01:54:18Z
249685708,wegavision,564585,1,19249010,2013-12-03T10:39:51Z
249876004,st1974,44793,1,19268764,2013-12-04T09:56:35Z
250204081,st1974,44793,1,19295352,2013-12-05T19:54:02Z
250362534,st1974,44793,1,19309337,2013-12-06T17:02:55Z
250852559,st1974,44793,1,19348196,2013-12-08T20:57:25Z
250856430,st1974,44793,1,19348584,2013-12-08T21:21:14Z
250869455,st1974,44793,1,19350096,2013-12-08T23:17:04Z
251561958,jacobbraeutigam,1260280,1,19422610,2013-12-12T23:19:28Z
252350442,AndrewSnow,371121,2,21275200,2014-03-23T23:05:37Z
252368909,ediyes,1240849,1,19505440,2013-12-17T20:43:39Z
252376833,ediyes,1240849,1,19506458,2013-12-17T21:51:36Z
252439150,ediyes,1240849,1,19514414,2013-12-18T12:37:44Z
252454637,ediyes,1240849,1,19515422,2013-12-18T13:46:37Z
252472830,ediyes,1240849,1,19516399,2013-12-18T14:48:33Z
252481160,ediyes,1240849,2,19517432,2013-12-18T15:46:15Z
252506584,beweta,152074,2,27828099,2014-12-31T17:41:22Z
252547705,AndrewSnow,371121,2,21185264,2014-03-19T01:54:38Z
252993016,st1974,44793,1,19575909,2013-12-22T02:57:23Z
253872160,T_9er,14850,1,19669780,2013-12-27T21:33:15Z
253986121,st1974,44793,1,19678425,2013-12-28T13:23:57Z
254928204,st1974,44793,1,19777331,2014-01-02T22:30:04Z
256516444,Jedrzej Pelka,1246157,1,19982227,2014-01-13T23:53:29Z
257672973,dchiles,153669,2,21352770,2014-03-27T20:44:09Z
258317818,st1974,44793,1,20195512,2014-01-25T15:56:43Z
258321692,st1974,44793,1,20196010,2014-01-25T16:26:47Z
258507201,st1974,44793,1,20213425,2014-01-26T16:38:39Z
258576379,st1974,44793,1,20219920,2014-01-26T22:50:48Z
258729225,AndrewSnow,371121,1,20241372,2014-01-28T05:52:41Z
258784519,st1974,44793,1,20249983,2014-01-28T16:45:40Z
258950848,st1974,44793,1,20272199,2014-01-29T20:27:40Z
259295971,AndrewSnow,371121,1,20311160,2014-02-01T04:07:56Z
259441374,st1974,44793,1,20324702,2014-02-01T21:49:46Z
259530456,st1974,44793,1,20332627,2014-02-02T12:03:07Z
259582456,st1974,44793,1,20338234,2014-02-02T17:22:18Z
259997619,wvdp,436419,2,22618412,2014-05-29T13:18:21Z
260314391,st1974,44793,1,20415818,2014-02-06T17:29:49Z
260352656,st1974,44793,1,20420169,2014-02-06T21:29:22Z
260544755,AndrewSnow,371121,1,20439741,2014-02-07T23:57:33Z
261854835,st1974,44793,1,20595155,2014-02-16T13:30:36Z
261929303,st1974,44793,1,20602786,2014-02-16T19:43:13Z
261947109,st1974,44793,1,20604714,2014-02-16T21:30:07Z
262781349,matthieun,595221,1,20704830,2014-02-21T23:35:15Z
263146207,st1974,44793,1,20743004,2014-02-24T00:07:34Z
263510197,st1974,44793,1,20793982,2014-02-26T16:38:32Z
264159837,jpobst,229883,1,20868955,2014-03-02T17:34:24Z
264551137,AndrewSnow,371121,1,20923402,2014-03-05T05:22:22Z
264588949,st1974,44793,1,20930799,2014-03-05T13:54:53Z
264727689,Glen,6513,1,20945749,2014-03-06T09:09:45Z
264753342,greggerm,567139,1,20950590,2014-03-06T14:07:51Z
264902034,st1974,44793,1,20969580,2014-03-07T13:45:56Z
265436305,st1974,44793,1,21030019,2014-03-10T17:12:39Z
265508979,Paul Johnson,92286,1,21033273,2014-03-10T22:04:17Z
266711065,AndrewSnow,371121,1,21146169,2014-03-16T22:24:22Z
267163236,AndrewSnow,371121,1,21185447,2014-03-19T02:30:41Z
267366094,bdiscoe,402624,1,21205192,2014-03-20T07:25:26Z
267606174,AndrewSnow,371121,1,21221165,2014-03-21T03:43:00Z
268545435,Shawn Noble,1791301,2,25196057,2014-09-03T04:45:37Z
268942329,ChrisZontine,1376118,1,21307768,2014-03-25T16:16:33Z
269673845,dchiles,153669,1,21352770,2014-03-27T20:43:47Z
269674026,dchiles,153669,1,21352770,2014-03-27T20:43:58Z
269915402,dchiles,153669,1,21371263,2014-03-28T19:18:43Z
270252485,dchiles,153669,1,21392985,2014-03-30T00:29:41Z
271554898,dchiles,153669,1,21482461,2014-04-03T19:18:39Z
271555040,dchiles,153669,1,21482461,2014-04-03T19:18:50Z
272647195,dchiles,153669,1,21558507,2014-04-07T19:05:58Z
273328983,dchiles,153669,1,21612758,2014-04-10T18:33:08Z
274352672,dchiles,153669,1,21691385,2014-04-14T17:59:23Z
276671462,ToeBee,262151,1,21900716,2014-04-24T06:13:43Z
279195415,Justin Threlkeld,1381863,1,22112465,2014-05-03T19:19:25Z
280305308,ewedistrict,8609,2,24838182,2014-08-18T16:50:31Z
283187731,DanHomerick,160138,2,24849071,2014-08-19T04:39:06Z
284713569,wvdp,436419,1,22590172,2014-05-27T21:22:20Z
286954176,Rodolphe Quideville,26348,2,22957853,2014-06-16T06:59:48Z
288538626,Seandebasti,550560,1,22993059,2014-06-17T20:46:07Z
289132747,AndrewSnow,371121,1,23073469,2014-06-22T01:24:15Z
290474231,Tom_Holland,574654,1,23309879,2014-06-30T04:13:20Z
293201607,mmcdaniel,2192814,5,24222464,2014-07-18T14:31:19Z
293228765,mmcdaniel,2192814,1,24208470,2014-07-17T19:53:58Z
293259518,AndrewSnow,371121,1,24213720,2014-07-18T05:28:38Z
293325014,mmcdaniel,2192814,1,24224964,2014-07-18T16:33:33Z
293330502,mmcdaniel,2192814,1,24226158,2014-07-18T17:35:16Z
293357309,mmcdaniel,2192814,1,24230851,2014-07-18T22:11:02Z
293932010,mmcdaniel,2192814,1,24302270,2014-07-22T22:27:55Z
293932813,mmcdaniel,2192814,1,24302480,2014-07-22T22:46:00Z
294880553,mmcdaniel,2192814,1,24410836,2014-07-28T20:50:26Z
294883268,mmcdaniel,2192814,1,24411151,2014-07-28T21:10:03Z
295383149,mmcdaniel,2192814,1,24482512,2014-08-01T14:33:27Z
295386559,mmcdaniel,2192814,1,24483242,2014-08-01T15:15:53Z
295578804,ewedistrict,8609,1,24507046,2014-08-02T23:40:11Z
296477580,mmcdaniel,2192814,1,24596574,2014-08-07T13:34:14Z
296485039,mmcdaniel,2192814,1,24597428,2014-08-07T14:21:54Z
296504753,mmcdaniel,2192814,1,24598725,2014-08-07T15:52:07Z
296697441,mmcdaniel,2192814,1,24617976,2014-08-08T15:16:27Z
297138901,Nick_T,678281,1,24671189,2014-08-11T07:17:00Z
297475110,Shawn Noble,1791301,4,31235005,2015-05-17T18:04:46Z
297712376,Shawn Noble,1791301,3,36137308,2015-12-24T00:53:10Z
297912039,mmcdaniel,2192814,1,24768217,2014-08-15T14:18:16Z
297916942,mmcdaniel,2192814,1,24768954,2014-08-15T14:51:56Z
297929259,mmcdaniel,2192814,2,24772222,2014-08-15T17:26:06Z
297939436,mmcdaniel,2192814,1,24770507,2014-08-15T16:03:05Z
299743965,DanHomerick,160138,1,24966151,2014-08-23T21:50:17Z
301420730,Shawn Noble,1791301,2,34560836,2015-10-11T01:13:54Z
301607985,Shawn Noble,1791301,1,25196057,2014-09-03T04:45:26Z
302529943,Shawn Noble,1791301,1,25319547,2014-09-09T02:57:35Z
302530044,Shawn Noble,1791301,1,25319547,2014-09-09T02:57:45Z
302851077,Shawn Noble,1791301,2,25496898,2014-09-17T10:06:21Z
303289044,homeslice60148,365944,1,25427489,2014-09-14T09:13:22Z
303563755,Shawn Noble,1791301,3,31588058,2015-05-30T16:38:03Z
303753457,Shawn Noble,1791301,1,25496898,2014-09-17T10:05:59Z
304388137,Shawn Noble,1791301,1,25580945,2014-09-21T14:48:06Z
304388242,Shawn Noble,1791301,1,25580945,2014-09-21T14:48:12Z
304550532,mmcdaniel,2192814,1,25607388,2014-09-22T16:47:40Z
304580739,mmcdaniel,2192814,1,25611235,2014-09-22T19:47:54Z
304808268,mmcdaniel,2192814,1,25647306,2014-09-24T15:05:36Z
304817453,mmcdaniel,2192814,1,25647986,2014-09-24T15:40:17Z
304836741,mmcdaniel,2192814,1,25649495,2014-09-24T16:59:29Z
304953923,Shawn Noble,1791301,1,25660205,2014-09-25T08:43:08Z
305041689,mmcdaniel,2192814,1,25670264,2014-09-25T17:59:04Z
305152242,mmcdaniel,2192814,1,25688230,2014-09-26T15:11:30Z
305164628,mmcdaniel,2192814,1,25690457,2014-09-26T16:58:36Z
305180381,mmcdaniel,2192814,1,25693006,2014-09-26T18:59:17Z
305190154,mmcdaniel,2192814,1,25694729,2014-09-26T20:34:32Z
305196505,mmcdaniel,2192814,1,25695714,2014-09-26T21:41:24Z
305435313,mmcdaniel,2192814,1,25729939,2014-09-28T17:15:53Z
306683295,brogo,63107,2,26051816,2014-10-13T15:58:47Z
307851476,Shawn Noble,1791301,2,36626507,2016-01-17T00:58:29Z
307851582,Shawn Noble,1791301,1,26089544,2014-10-15T08:17:31Z
307883190,jrobin,2402474,2,26108978,2014-10-16T03:03:42Z
309083738,eillac,2402730,1,26257293,2014-10-22T14:48:43Z
309414047,eillac,2402730,1,26300639,2014-10-24T14:10:37Z
309673554,JacobT13,1712104,1,26334586,2014-10-26T03:58:52Z
309970699,JacobT13,1712104,2,26375394,2014-10-27T21:48:38Z
309984141,JacobT13,1712104,2,26401223,2014-10-28T22:14:09Z
310153269,JacobT13,1712104,1,26401223,2014-10-28T22:14:07Z
310289038,dchiles,153669,1,26423532,2014-10-29T21:32:30Z
310538872,RichRico,2219338,1,26467463,2014-10-31T17:55:25Z
311326963,Shawn Noble,1791301,1,26581526,2014-11-05T22:00:02Z
312004486,jhare1,2318139,1,26677646,2014-11-09T23:37:58Z
312659094,ediyes,1240849,1,26765064,2014-11-13T20:55:02Z
314356681,Elliasaur,5240949,3,45717369,2017-02-01T13:57:46Z
314615715,Shawn Noble,1791301,1,27051987,2014-11-26T18:48:55Z
316083183,Shawn Noble,1791301,7,36209236,2015-12-28T00:21:15Z
316409475,beweta,152074,1,27338751,2014-12-08T17:27:10Z
316724352,beweta,152074,1,27387028,2014-12-10T21:39:52Z
317742240,maxerickson,360392,1,27541496,2014-12-17T23:29:52Z
318017376,beweta,152074,1,27580387,2014-12-19T23:28:01Z
318457967,beweta,152074,1,27641608,2014-12-22T23:55:33Z
319754829,beweta,152074,1,27828099,2014-12-31T17:40:36Z
320595039,maxerickson,360392,1,27944993,2015-01-05T23:29:05Z
321871067,Shawn Noble,1791301,1,28118652,2015-01-13T18:42:44Z
323294275,ChrisZontine,1376118,1,28289393,2015-01-20T17:39:16Z
324870153,abel801,2377377,1,28453002,2015-01-27T21:19:09Z
326218746,drwx,2627241,1,28589356,2015-02-03T13:33:46Z
326760264,samely,2512300,1,28653563,2015-02-06T14:59:50Z
327496410,RichRico,2219338,1,28760872,2015-02-10T21:38:03Z
328005966,calfarome,2511706,1,28826172,2015-02-13T17:34:32Z
329780350,xDraconian,2694586,1,29034882,2015-02-23T02:04:08Z
330498656,Richard,165,1,29134574,2015-02-27T12:45:39Z
330843466,Shawn Noble,1791301,1,29185831,2015-03-01T20:53:09Z
331159992,Shawn Noble,1791301,1,29235322,2015-03-04T01:33:05Z
331264539,Shawn Noble,1791301,2,35936600,2015-12-14T01:54:56Z
331264647,Shawn Noble,1791301,1,29250259,2015-03-04T18:22:51Z
331867746,Shawn Noble,1791301,1,29334381,2015-03-08T17:02:25Z
333301805,calfarome,2511706,1,29546391,2015-03-17T17:36:59Z
335853574,srividya_c,2115749,1,29896722,2015-04-01T05:39:11Z
336250441,Tom_Holland,574654,1,29944870,2015-04-03T07:20:46Z
336453638,FTA,652301,1,29956594,2015-04-03T17:28:33Z
336594469,FTA,652301,1,29963538,2015-04-03T23:59:26Z
336953531,Tom_Holland,574654,1,30007966,2015-04-06T07:06:22Z
337133125,Tom_Holland,574654,1,30031488,2015-04-07T05:49:25Z
337828381,Shawn Noble,1791301,9,36712857,2016-01-21T02:51:14Z
338069462,AndrewSnow,371121,1,30153736,2015-04-11T23:32:49Z
339247960,AndrewSnow,371121,1,30317927,2015-04-18T22:32:46Z
339667006,AndrewSnow,371121,1,30367619,2015-04-21T02:55:06Z
340699244,Shawn Noble,1791301,4,36712857,2016-01-21T02:51:07Z
340808731,PlaneMad,1306,1,30526575,2015-04-27T06:05:17Z
342123157,Shawn Noble,1791301,4,34440164,2015-10-05T03:03:25Z
342320277,Shawn Noble,1791301,2,31235005,2015-05-17T18:04:24Z
342400047,darksurge,2400191,1,30734870,2015-05-02T23:29:15Z
342564347,Shawn Noble,1791301,2,31235005,2015-05-17T18:04:17Z
342564644,Shawn Noble,1791301,2,31235005,2015-05-17T18:05:14Z
342605945,darksurge,2400191,2,30759707,2015-05-03T20:46:07Z
342613091,darksurge,2400191,1,30759707,2015-05-03T20:46:06Z
342873085,greggerm,567139,1,30795571,2015-05-05T01:56:08Z
343806586,darksurge,2400191,2,33738481,2015-09-01T20:42:03Z
344707054,PlaneMad,1306,1,31097234,2015-05-13T10:47:03Z
345407239,darksurge,2400191,1,31192090,2015-05-16T02:15:35Z
345629010,darksurge,2400191,1,31214324,2015-05-16T22:55:11Z
345649642,darksurge,2400191,1,31217462,2015-05-17T05:12:19Z
345791720,darksurge,2400191,1,31241148,2015-05-17T22:18:58Z
346031998,Shawn Noble,1791301,1,31261053,2015-05-18T16:58:20Z
346681398,darksurge,2400191,1,31331770,2015-05-21T02:30:38Z
347331054,sabas88,454589,1,31380899,2015-05-22T19:08:13Z
347407388,darksurge,2400191,1,31388497,2015-05-23T03:44:10Z
349606725,dannykath,2226712,1,31537065,2015-05-28T17:04:53Z
350145870,Shawn Noble,1791301,1,31588058,2015-05-30T16:37:45Z
350624270,Shawn Noble,1791301,2,31854237,2015-06-09T19:55:27Z
351135844,shravan91,1051550,1,31687513,2015-06-03T10:06:29Z
351669802,dr ingrid,1901542,2,32637059,2015-07-14T20:09:51Z
352658480,cphillips34,3665005,2,37486166,2016-02-27T17:55:24Z
353031685,calfarome,2511706,1,31901247,2015-06-11T16:33:02Z
354014954,ramyaragupathy,2823295,1,32001444,2015-06-16T09:00:59Z
354128222,mmcdaniel,2192814,1,32011645,2015-06-16T17:41:52Z
354332142,pyram,497849,2,34597997,2015-10-12T19:45:43Z
354842013,srividya_c,2115749,1,32072856,2015-06-19T11:27:46Z
354933198,jacobbraeutigam,1260280,1,32082731,2015-06-19T19:40:27Z
355332764,Shawn Noble,1791301,2,35161355,2015-11-08T01:31:50Z
355717883,srividya_c,2115749,1,32159713,2015-06-23T11:57:36Z
356044580,samely,2512300,1,32184429,2015-06-24T14:13:57Z
356400758,Pnrrth,1012362,2,33643870,2015-08-28T13:10:30Z
357873472,calfarome,2511706,1,32340567,2015-07-01T20:24:28Z
358945687,calfarome,2511706,1,32454969,2015-07-06T18:17:21Z
359211546,mmcdaniel,2192814,1,32479613,2015-07-07T18:44:57Z
359610409,RichRico,2219338,1,32521568,2015-07-09T15:13:06Z
360219707,AndrewSnow,371121,1,32593115,2015-07-13T04:21:55Z
360775531,samely,2512300,1,32660491,2015-07-15T19:40:49Z
361449516,dr ingrid,1901542,1,32760243,2015-07-20T18:24:35Z
363801840,darksurge,2400191,1,33077815,2015-08-03T18:29:37Z
363980024,darksurge,2400191,1,33103238,2015-08-04T16:24:51Z
363986305,darksurge,2400191,2,33137806,2015-08-05T19:30:50Z
364230087,darksurge,2400191,1,33137806,2015-08-05T19:30:48Z
365714523,mmcdaniel,2192814,1,33338272,2015-08-14T15:36:22Z
366200122,mmcdaniel,2192814,1,33400589,2015-08-17T19:54:58Z
366388931,mmcdaniel,2192814,1,33426958,2015-08-18T21:21:37Z
367475013,Shawn Noble,1791301,2,33610451,2015-08-27T00:56:04Z
367890790,darksurge,2400191,1,33632424,2015-08-27T22:26:04Z
368062446,darksurge,2400191,1,33654368,2015-08-28T22:35:36Z
368186690,darksurge,2400191,1,33671131,2015-08-29T20:27:45Z
368240103,darksurge,2400191,1,33675634,2015-08-30T05:12:39Z
369186064,Shawn Noble,1791301,1,33806218,2015-09-05T00:03:48Z
369612819,Shawn Noble,1791301,1,33871758,2015-09-08T02:47:15Z
369902314,Shawn Noble,1791301,1,33915384,2015-09-09T17:45:21Z
369945458,Shawn Noble,1791301,1,33922424,2015-09-10T01:10:47Z
369945558,Shawn Noble,1791301,1,33922424,2015-09-10T01:10:59Z
370512791,Shawn Noble,1791301,2,35678138,2015-12-01T03:23:58Z
370595360,Shawn Noble,1791301,2,34043471,2015-09-15T15:53:14Z
370595526,Shawn Noble,1791301,1,34023373,2015-09-14T15:50:03Z
370595860,Shawn Noble,1791301,1,34023373,2015-09-14T15:50:18Z
370656667,Shawn Noble,1791301,1,34031241,2015-09-14T23:10:56Z
370769977,mmcdaniel,2192814,1,34047978,2015-09-15T19:41:38Z
372070571,bkpearson,2201527,1,34209609,2015-09-23T16:36:40Z
373344007,ELadner,22925,1,34379214,2015-10-01T23:05:18Z
373638664,ELadner,22925,1,34413032,2015-10-03T18:20:10Z
373849853,Shawn Noble,1791301,1,34440164,2015-10-05T03:02:14Z
373849995,Shawn Noble,1791301,1,34440164,2015-10-05T03:02:32Z
373850095,Shawn Noble,1791301,1,34440164,2015-10-05T03:02:42Z
373920433,Shawn Noble,1791301,1,34452224,2015-10-05T17:08:29Z
374031506,HamrickCE,3282438,1,34458930,2015-10-05T23:18:46Z
374036956,Shawn Noble,1791301,1,34459725,2015-10-06T01:28:20Z
374331298,HamrickCE,3282438,1,34494220,2015-10-07T16:14:15Z
374630743,Shawn Noble,1791301,1,34540540,2015-10-09T22:57:26Z
374777967,Shawn Noble,1791301,1,34560733,2015-10-11T00:59:42Z
374778069,Shawn Noble,1791301,3,34782917,2015-10-21T16:51:25Z
374966736,Shawn Noble,1791301,1,34594038,2015-10-12T16:20:51Z
375009551,pyram,497849,1,34600631,2015-10-12T22:09:40Z
375123164,Shawn Noble,1791301,1,34618604,2015-10-13T18:27:57Z
375619571,Super-Map,709289,1,34684931,2015-10-16T22:14:11Z
376116406,Shawn Noble,1791301,2,36233678,2015-12-29T04:31:46Z
376272254,Shawn Noble,1791301,1,34782917,2015-10-21T16:51:03Z
376602722,Shawn Noble,1791301,2,34908467,2015-10-27T17:25:36Z
376758709,Shawn Noble,1791301,1,34850685,2015-10-24T22:37:29Z
377172269,PHerison,28378,2,37996161,2016-03-22T10:16:44Z
377332045,Shawn Noble,1791301,2,36582524,2016-01-14T23:06:51Z
377921693,Shawn Noble,1791301,1,35024611,2015-11-02T01:33:03Z
378385197,Shawn Noble,1791301,2,35993485,2015-12-16T17:27:02Z
379022754,Shawn Noble,1791301,1,35161355,2015-11-08T01:31:03Z
379022907,Shawn Noble,1791301,1,35161355,2015-11-08T01:31:20Z
379023060,Shawn Noble,1791301,1,35161355,2015-11-08T01:31:37Z
379233427,Shawn Noble,1791301,1,35181520,2015-11-09T00:07:28Z
379233527,Shawn Noble,1791301,1,35181520,2015-11-09T00:07:42Z
379233627,Shawn Noble,1791301,1,35181520,2015-11-09T00:07:52Z
379233727,Shawn Noble,1791301,1,35181520,2015-11-09T00:08:02Z
379808101,Shawn Noble,1791301,1,35248823,2015-11-11T20:42:26Z
380328357,Shawn Noble,1791301,2,35426650,2015-11-19T02:59:17Z
380703727,Shawn Noble,1791301,3,35426650,2015-11-19T02:59:28Z
380703827,Shawn Noble,1791301,2,35477853,2015-11-21T00:38:55Z
380704024,Shawn Noble,1791301,2,35477853,2015-11-21T00:38:59Z
381167171,Shawn Noble,1791301,1,35426650,2015-11-19T02:58:58Z
381349691,maxerickson,360392,1,35447926,2015-11-19T21:39:33Z
381648539,Shawn Noble,1791301,1,35477853,2015-11-21T00:36:46Z
381648721,Shawn Noble,1791301,1,35477853,2015-11-21T00:37:04Z
381648899,Shawn Noble,1791301,2,35604524,2015-11-27T04:20:14Z
381649070,Shawn Noble,1791301,1,35477853,2015-11-21T00:37:38Z
381649228,Shawn Noble,1791301,1,35477853,2015-11-21T00:37:53Z
381649329,Shawn Noble,1791301,1,35477853,2015-11-21T00:38:03Z
381649495,Shawn Noble,1791301,1,35477853,2015-11-21T00:38:12Z
381649713,Shawn Noble,1791301,1,35477853,2015-11-21T00:38:21Z
381649835,Shawn Noble,1791301,1,35477853,2015-11-21T00:38:31Z
381868792,Shawn Noble,1791301,1,35500376,2015-11-22T01:52:03Z
382367918,maxerickson,360392,1,35542764,2015-11-24T02:24:52Z
382386411,maxerickson,360392,1,35543265,2015-11-24T04:11:40Z
382980607,Shawn Noble,1791301,1,35604524,2015-11-27T04:19:39Z
382980711,Shawn Noble,1791301,1,35604524,2015-11-27T04:19:53Z
383210431,Shawn Noble,1791301,1,35621673,2015-11-28T02:52:02Z
383210536,Shawn Noble,1791301,1,35621673,2015-11-28T02:52:20Z
383210642,Shawn Noble,1791301,1,35621673,2015-11-28T02:52:38Z
383210776,Shawn Noble,1791301,1,35621673,2015-11-28T02:52:59Z
383210893,Shawn Noble,1791301,1,35621673,2015-11-28T02:53:18Z
383385069,Shawn Noble,1791301,1,35639627,2015-11-29T02:41:19Z
383385191,Shawn Noble,1791301,1,35639627,2015-11-29T02:41:36Z
383385298,Shawn Noble,1791301,1,35639627,2015-11-29T02:41:54Z
383385421,Shawn Noble,1791301,1,35639627,2015-11-29T02:42:11Z
383385521,Shawn Noble,1791301,1,35639627,2015-11-29T02:42:28Z
383385621,Shawn Noble,1791301,1,35639627,2015-11-29T02:42:45Z
383385722,Shawn Noble,1791301,1,35639627,2015-11-29T02:43:02Z
383558465,Shawn Noble,1791301,1,35658131,2015-11-30T01:54:31Z
383558565,Shawn Noble,1791301,2,35678138,2015-12-01T03:24:13Z
383720824,Shawn Noble,1791301,1,35678138,2015-12-01T03:23:50Z
383726712,Tyler Neu,3409527,1,35678438,2015-12-01T04:46:37Z
383908867,Shawn Noble,1791301,1,35698004,2015-12-02T01:59:46Z
383909037,Shawn Noble,1791301,1,35698004,2015-12-02T02:00:06Z
383909246,Shawn Noble,1791301,1,35698004,2015-12-02T02:00:24Z
383909457,Shawn Noble,1791301,1,35698004,2015-12-02T02:00:42Z
383909674,Shawn Noble,1791301,1,35698004,2015-12-02T02:01:03Z
383909964,Shawn Noble,1791301,1,35698004,2015-12-02T02:01:22Z
383910088,Shawn Noble,1791301,1,35698004,2015-12-02T02:01:41Z
384121358,darksurge,2400191,1,35718303,2015-12-03T01:25:38Z
384260593,darksurge,2400191,1,35738978,2015-12-04T02:06:58Z
384262481,darksurge,2400191,1,35739056,2015-12-04T02:22:05Z
384403282,darksurge,2400191,1,35756022,2015-12-04T20:29:54Z
384411361,darksurge,2400191,1,35756659,2015-12-04T20:54:35Z
384416105,25or6to4,37392,3,45062268,2017-01-10T21:18:12Z
384455413,Shawn Noble,1791301,1,35760475,2015-12-05T01:38:06Z
384476784,darksurge,2400191,1,35764722,2015-12-05T08:49:10Z
384623922,darksurge,2400191,1,35780696,2015-12-06T06:44:30Z
384624083,darksurge,2400191,1,35780696,2015-12-06T06:45:30Z
384624835,darksurge,2400191,1,35780696,2015-12-06T06:46:31Z
384625082,darksurge,2400191,1,35780696,2015-12-06T06:47:29Z
384625267,darksurge,2400191,1,35780696,2015-12-06T06:48:29Z
385055305,darksurge,2400191,1,35836529,2015-12-08T23:14:06Z
385387937,darksurge,2400191,1,35881111,2015-12-11T09:55:24Z
385388037,darksurge,2400191,1,35881111,2015-12-11T09:55:30Z
385388137,darksurge,2400191,1,35881111,2015-12-11T09:55:35Z
385388237,darksurge,2400191,1,35881111,2015-12-11T09:55:42Z
385388339,darksurge,2400191,1,35881111,2015-12-11T09:55:48Z
385388451,darksurge,2400191,1,35881111,2015-12-11T09:55:54Z
385779117,Shawn Noble,1791301,1,35936600,2015-12-14T01:54:00Z
385779217,Shawn Noble,1791301,1,35936600,2015-12-14T01:54:05Z
385779329,Shawn Noble,1791301,1,35936600,2015-12-14T01:54:18Z
385930194,darksurge,2400191,1,35957176,2015-12-14T23:38:43Z
386424856,Shawn Noble,1791301,1,36020565,2015-12-18T01:40:38Z
386885617,Shawn Noble,1791301,1,36076445,2015-12-21T01:21:22Z
387448810,Shawn Noble,1791301,1,36137308,2015-12-24T00:51:01Z
387448925,Shawn Noble,1791301,1,36137308,2015-12-24T00:51:16Z
387449188,Shawn Noble,1791301,1,36137308,2015-12-24T00:51:28Z
388155358,Shawn Noble,1791301,1,36209236,2015-12-28T00:20:15Z
388155458,Shawn Noble,1791301,1,36209236,2015-12-28T00:20:25Z
388155595,Shawn Noble,1791301,1,36209236,2015-12-28T00:20:41Z
388155696,Shawn Noble,1791301,1,36209236,2015-12-28T00:20:50Z
388155806,Shawn Noble,1791301,1,36209236,2015-12-28T00:20:59Z
388361101,Shawn Noble,1791301,1,36233678,2015-12-29T04:30:08Z
388361201,Shawn Noble,1791301,1,36233678,2015-12-29T04:30:23Z
388361301,Shawn Noble,1791301,1,36233678,2015-12-29T04:30:38Z
388361401,Shawn Noble,1791301,1,36233678,2015-12-29T04:30:51Z
388361501,Shawn Noble,1791301,1,36233678,2015-12-29T04:30:59Z
388361601,Shawn Noble,1791301,1,36233678,2015-12-29T04:31:07Z
388774412,Shawn Noble,1791301,1,36272706,2015-12-30T22:24:44Z
388774607,Shawn Noble,1791301,2,36308999,2016-01-02T00:19:09Z
388774810,Shawn Noble,1791301,1,36272706,2015-12-30T22:25:12Z
388775004,Shawn Noble,1791301,1,36272706,2015-12-30T22:25:27Z
388775251,Shawn Noble,1791301,1,36272706,2015-12-30T22:25:42Z
389120383,Shawn Noble,1791301,1,36308999,2016-01-02T00:18:23Z
389120623,Shawn Noble,1791301,1,36308999,2016-01-02T00:18:31Z
389120825,Shawn Noble,1791301,1,36308999,2016-01-02T00:18:39Z
389120925,Shawn Noble,1791301,1,36308999,2016-01-02T00:18:48Z
389393128,enbrown,485040,1,36342131,2016-01-03T16:46:27Z
389746865,Shawn Noble,1791301,1,36387066,2016-01-05T18:43:17Z
390738552,Shawn Noble,1791301,1,36494900,2016-01-11T01:55:46Z
391476750,Shawn Noble,1791301,1,36583388,2016-01-15T00:29:39Z
391690847,Shawn Noble,1791301,1,36607791,2016-01-16T02:14:02Z
391690947,Shawn Noble,1791301,1,36607791,2016-01-16T02:14:06Z
391691047,Shawn Noble,1791301,1,36607791,2016-01-16T02:14:11Z
391691147,Shawn Noble,1791301,1,36607791,2016-01-16T02:14:16Z
392536774,Shawn Noble,1791301,1,36712857,2016-01-21T02:48:50Z
392536896,Shawn Noble,1791301,1,36712857,2016-01-21T02:49:02Z
392537001,Shawn Noble,1791301,1,36712857,2016-01-21T02:49:17Z
392537101,Shawn Noble,1791301,1,36712857,2016-01-21T02:49:31Z
392537201,Shawn Noble,1791301,1,36712857,2016-01-21T02:49:46Z
392537301,Shawn Noble,1791301,1,36712857,2016-01-21T02:50:00Z
392537401,Shawn Noble,1791301,1,36712857,2016-01-21T02:50:12Z
392537503,Shawn Noble,1791301,1,36712857,2016-01-21T02:50:20Z
392537609,Shawn Noble,1791301,1,36712857,2016-01-21T02:50:27Z
392537709,Shawn Noble,1791301,1,36712857,2016-01-21T02:50:35Z
392537813,Shawn Noble,1791301,1,36712857,2016-01-21T02:50:44Z
392861978,user_5359,5359,1,36749245,2016-01-22T22:01:02Z
395633866,panick_attack,3586557,1,36962140,2016-02-02T17:44:44Z
396973581,deciacco,1963721,1,37111101,2016-02-09T20:49:15Z
397739256,AndrewSnow,371121,1,37199048,2016-02-14T07:50:51Z
398080306,AndrewSnow,371121,1,37238047,2016-02-16T03:24:42Z
399139665,Shawn Noble,1791301,1,37357659,2016-02-22T01:04:10Z
400078753,Shawn Noble,1791301,1,37450685,2016-02-26T02:01:41Z
400078870,Shawn Noble,1791301,1,37450685,2016-02-26T02:01:57Z
400078971,Shawn Noble,1791301,1,37450685,2016-02-26T02:02:12Z
400079075,Shawn Noble,1791301,1,37450685,2016-02-26T02:02:23Z
401290539,dchiles,153669,1,37575004,2016-03-02T21:07:20Z
402918301,headwatersolver,3521724,1,37736403,2016-03-10T15:10:31Z
404372098,RoadGeek_MD99,475877,1,37916341,2016-03-18T11:02:55Z
405367846,Shawn Noble,1791301,1,38028310,2016-03-23T20:28:03Z
408419173,Luis36995,1829683,2,44881599,2017-01-03T20:22:46Z
415757112,nammala,3479270,1,39116978,2016-05-05T10:07:57Z
416818637,Shawn Noble,1791301,1,39204362,2016-05-10T01:29:37Z
416818985,Shawn Noble,1791301,1,39204362,2016-05-10T01:31:19Z
416819150,Shawn Noble,1791301,1,39204362,2016-05-10T01:32:57Z
417736039,Shawn Noble,1791301,1,39279708,2016-05-12T23:31:35Z
420515329,RoadGeek_MD99,475877,1,39531615,2016-05-24T11:50:26Z
421188724,Shawn Noble,1791301,2,39768156,2016-06-03T00:59:36Z
421890629,Iowa Kid,703517,2,39807779,2016-06-05T02:09:35Z
422545528,Shawn Noble,1791301,1,39768156,2016-06-03T00:59:24Z
424886544,Shawn Noble,1791301,1,40011882,2016-06-14T08:12:01Z
424886651,Shawn Noble,1791301,1,40011882,2016-06-14T08:12:07Z
424886754,Shawn Noble,1791301,1,40011882,2016-06-14T08:12:15Z
425497574,hofoen,52797,1,40085088,2016-06-17T07:32:34Z
426887779,Spanholz,2209894,1,40244065,2016-06-23T20:07:19Z
429244218,Sarr_Cat,2859402,1,40492687,2016-07-05T07:02:26Z
429368794,Shawn Noble,1791301,1,40508503,2016-07-05T19:51:00Z
430869265,MidnightCheese,412144,2,43744097,2016-11-17T21:04:16Z
430928031,Spanholz,2209894,1,40734514,2016-07-14T09:10:35Z
431569665,pyram,497849,1,40805391,2016-07-17T20:05:30Z
431775690,pyram,497849,1,40839272,2016-07-18T21:05:53Z
433290039,GoWestTravel,3478684,1,41039763,2016-07-26T14:43:53Z
434937932,Shawn Noble,1791301,1,41135644,2016-07-30T23:11:34Z
434938035,Shawn Noble,1791301,1,41135644,2016-07-30T23:11:46Z
434938147,Shawn Noble,1791301,1,41135644,2016-07-30T23:11:57Z
436110271,Arlas,354343,1,41304999,2016-08-07T14:02:53Z
436110386,Arlas,354343,1,41304999,2016-08-07T14:02:57Z
437362249,beweta,152074,1,41476556,2016-08-15T20:58:06Z
437891833,RoadGeek_MD99,475877,1,41546124,2016-08-18T23:15:09Z
439889376,wward,1211611,2,41803154,2016-08-30T14:21:50Z
439920480,Shawn Noble,1791301,1,41810039,2016-08-30T19:01:01Z
440902571,Spanholz,2209894,1,41947600,2016-09-06T07:16:37Z
441846990,Shawn Noble,1791301,1,42067970,2016-09-10T22:03:31Z
441847227,Shawn Noble,1791301,1,42067970,2016-09-10T22:03:36Z
441847383,Shawn Noble,1791301,1,42067970,2016-09-10T22:03:46Z
441847490,Shawn Noble,1791301,1,42067970,2016-09-10T22:03:55Z
443118379,Shawn Noble,1791301,1,42259714,2016-09-19T01:34:16Z
443118479,Shawn Noble,1791301,1,42259714,2016-09-19T01:34:26Z
443118597,Shawn Noble,1791301,1,42259714,2016-09-19T01:34:38Z
443118697,Shawn Noble,1791301,1,42259714,2016-09-19T01:34:50Z
443118799,Shawn Noble,1791301,1,42259714,2016-09-19T01:35:03Z
443118904,Shawn Noble,1791301,1,42259714,2016-09-19T01:35:15Z
443119050,Shawn Noble,1791301,1,42259714,2016-09-19T01:35:27Z
443119156,Shawn Noble,1791301,1,42259714,2016-09-19T01:35:39Z
443119258,Shawn Noble,1791301,1,42259714,2016-09-19T01:35:51Z
444620835,Shawn Noble,1791301,1,42476712,2016-09-27T18:12:30Z
444620954,Shawn Noble,1791301,1,42476712,2016-09-27T18:12:33Z
446754836,Shawn Noble,1791301,1,42766984,2016-10-10T02:24:41Z
446754955,Shawn Noble,1791301,1,42766984,2016-10-10T02:24:47Z
446755055,Shawn Noble,1791301,1,42766984,2016-10-10T02:25:00Z
446755158,Shawn Noble,1791301,1,42766984,2016-10-10T02:25:15Z
446755263,Shawn Noble,1791301,1,42766984,2016-10-10T02:25:27Z
446755381,Shawn Noble,1791301,1,42766984,2016-10-10T02:25:40Z
446755491,Shawn Noble,1791301,1,42766984,2016-10-10T02:25:53Z
446755591,Shawn Noble,1791301,1,42766984,2016-10-10T02:26:04Z
446755707,Shawn Noble,1791301,1,42766984,2016-10-10T02:26:11Z
446755808,Shawn Noble,1791301,1,42766984,2016-10-10T02:26:17Z
446755908,Shawn Noble,1791301,1,42766984,2016-10-10T02:26:25Z
446756052,Shawn Noble,1791301,1,42766984,2016-10-10T02:26:32Z
446756152,Shawn Noble,1791301,1,42766984,2016-10-10T02:26:41Z
447051079,Shawn Noble,1791301,2,47057529,2017-03-22T04:04:52Z
447938980,Shawn Noble,1791301,1,42928340,2016-10-16T01:48:51Z
447939083,Shawn Noble,1791301,1,42928340,2016-10-16T01:49:02Z
448352344,Shawn Noble,1791301,1,42990239,2016-10-18T17:46:29Z
449152124,ramyaragupathy,2823295,1,43113685,2016-10-24T03:46:27Z
450287978,MidnightCheese,412144,1,43295641,2016-10-31T02:52:17Z
450855564,Spanholz,2209894,1,43361193,2016-11-02T19:33:25Z
452579082,Lindsay_Millward,4828605,1,43549517,2016-11-11T02:53:14Z
452802847,Shawn Noble,1791301,1,43574058,2016-11-12T02:14:38Z
452802964,Shawn Noble,1791301,1,43574058,2016-11-12T02:14:51Z
452803068,Shawn Noble,1791301,1,43574058,2016-11-12T02:15:04Z
452803168,Shawn Noble,1791301,1,43574058,2016-11-12T02:15:14Z
453364296,RoadGeek_MD99,475877,2,44914652,2017-01-05T03:22:31Z
454944218,hofoen,52797,1,43855905,2016-11-21T20:17:11Z
455245320,Spanholz,2209894,1,43889254,2016-11-23T08:13:19Z
456265101,MidnightCheese,412144,1,43993711,2016-11-27T22:52:49Z
456274571,MidnightCheese,412144,1,43995342,2016-11-28T01:43:46Z
456284288,MidnightCheese,412144,1,43996165,2016-11-28T03:18:57Z
456953264,Shawn Noble,1791301,1,44082660,2016-12-01T10:18:22Z
456953391,Shawn Noble,1791301,1,44082660,2016-12-01T10:18:32Z
458368268,Shawn Noble,1791301,1,44247214,2016-12-07T23:39:11Z
458368369,Shawn Noble,1791301,1,44247214,2016-12-07T23:39:24Z
459472706,rd jones,4040093,1,44387625,2016-12-14T01:58:04Z
461491174,Shawn Noble,1791301,1,44637368,2016-12-24T01:58:21Z
461647781,Shawn Noble,1791301,1,44655738,2016-12-25T04:14:24Z
463031125,JasonWi,314109,1,44816517,2017-01-01T03:20:44Z
463784646,25or6to4,37392,2,45993744,2017-02-11T10:03:46Z
464006932,RoadGeek_MD99,475877,1,44942218,2017-01-06T03:04:18Z
464451681,JessAk71,381909,1,44991746,2017-01-08T00:44:42Z
464660182,JessAk71,381909,1,45017677,2017-01-09T05:14:15Z
464792665,dannykath,2226712,1,45035547,2017-01-09T20:00:01Z
464996766,RichRico,2219338,1,45059252,2017-01-10T19:24:31Z
465023934,25or6to4,37392,1,45062434,2017-01-10T21:24:48Z
465040718,Adam Martin,1539368,1,45064491,2017-01-10T22:53:29Z
465040825,Adam Martin,1539368,1,45064491,2017-01-10T22:53:36Z
465259771,dannykath,2226712,1,45086136,2017-01-11T20:14:15Z
465278612,JessAk71,381909,1,45087630,2017-01-11T21:30:43Z
465281534,calfarome,2511706,1,45088539,2017-01-11T21:54:53Z
465392429,saikabhi,3029661,1,45101895,2017-01-12T11:57:01Z
465445998,JessAk71,381909,1,45109941,2017-01-12T17:14:31Z
465521698,Adam Martin,1539368,1,45118943,2017-01-12T22:21:17Z
465653960,ridixcr,2508151,1,45136706,2017-01-13T15:38:34Z
465798847,AndrewSnow,371121,1,45152490,2017-01-14T02:54:37Z
465992578,AndrewSnow,371121,1,45182373,2017-01-15T02:37:16Z
466735358,dannykath,2226712,1,45252782,2017-01-17T20:02:39Z
467016897,yurasi,3526564,1,45282486,2017-01-18T21:18:05Z
467472171,ridixcr,2508151,1,45329962,2017-01-20T15:54:11Z
467553718,AndrewSnow,371121,1,45343319,2017-01-21T04:48:31Z
467838222,MidnightCheese,412144,1,45382032,2017-01-23T00:58:35Z
467844263,MidnightCheese,412144,1,45382720,2017-01-23T02:11:50Z
468160901,Tom_Holland,574654,1,45416983,2017-01-24T00:21:53Z
468597498,MidnightCheese,412144,1,45458784,2017-01-25T03:09:25Z
468839971,ridixcr,2508151,1,45488850,2017-01-25T20:10:58Z
468932124,Mister_L,5021877,2,46169613,2017-02-17T16:30:37Z
468967218,Shawn Noble,1791301,1,45499982,2017-01-26T05:42:30Z
468967321,Shawn Noble,1791301,1,45499982,2017-01-26T05:42:42Z
469689485,Philablasta,5211871,1,45595911,2017-01-28T15:43:23Z
469886300,THolt,5217232,1,45611352,2017-01-29T05:27:31Z
469900127,THolt,5217232,1,45613699,2017-01-29T08:21:21Z
469908483,THolt,5217232,1,45615295,2017-01-29T09:50:56Z
469915796,THolt,5217232,1,45616163,2017-01-29T10:31:42Z
470078373,THolt,5217232,1,45635762,2017-01-30T00:20:25Z
470078667,THolt,5217232,1,45635821,2017-01-30T00:24:36Z
470098374,THolt,5217232,1,45637831,2017-01-30T02:53:59Z
470435924,THolt,5217232,1,45670532,2017-01-31T01:40:55Z
470467966,THolt,5217232,1,45673560,2017-01-31T05:10:26Z
471275110,Shawn Noble,1791301,1,45728503,2017-02-01T21:54:12Z
471275457,Shawn Noble,1791301,1,45728503,2017-02-01T21:54:24Z
471395167,THolt,5217232,1,45740396,2017-02-02T09:10:21Z
472109193,DLichti,161951,1,45807861,2017-02-04T15:19:10Z
473054393,25or6to4,37392,1,45890086,2017-02-07T16:27:00Z
473412122,25or6to4,37392,1,45926901,2017-02-08T18:59:28Z
473950274,25or6to4,37392,1,45993744,2017-02-11T10:03:40Z
474110202,25or6to4,37392,1,46013166,2017-02-12T07:48:23Z
474483990,rza31,2137840,1,46063233,2017-02-13T22:01:27Z
474931328,Shawn Noble,1791301,1,46122674,2017-02-16T00:33:19Z
475142814,mmcdaniel,2192814,1,46146744,2017-02-16T20:05:07Z
475318523,Mister_L,5021877,1,46169613,2017-02-17T16:30:35Z
475693668,MidnightCheese,412144,1,46226795,2017-02-19T20:49:05Z
475697025,MidnightCheese,412144,1,46227335,2017-02-19T21:13:36Z
477363874,MidnightCheese,412144,1,46426635,2017-02-26T21:29:52Z
477739950,Shawn Noble,1791301,1,46475454,2017-02-28T18:57:55Z
479392440,kboy101222,5452300,1,46696227,2017-03-09T01:07:45Z
479543051,JonneyGee,5452678,1,46714450,2017-03-09T16:32:28Z
479754713,mmcdaniel,2192814,1,46743931,2017-03-10T17:13:23Z
481070180,dlg-tn,5503875,1,46934999,2017-03-17T17:03:18Z
481081415,ottoshade,4267244,1,46937072,2017-03-17T18:03:15Z
481891868,rza31,2137840,1,47054409,2017-03-21T23:48:07Z
481922331,Shawn Noble,1791301,1,47057529,2017-03-22T04:03:31Z
481922526,Shawn Noble,1791301,1,47057529,2017-03-22T04:03:45Z
481922626,Shawn Noble,1791301,1,47057529,2017-03-22T04:04:01Z
481922726,Shawn Noble,1791301,1,47057529,2017-03-22T04:04:17Z
481922911,Shawn Noble,1791301,1,47057529,2017-03-22T04:04:31Z
